"File","Size","Modified","Matches"
"src\az_enterprise\core\acceptance_center.py","9189","2026-07-07T14:20:08","audio, transition, camera_motion"
"src\az_enterprise\core\asset_engine_rc2.py","1879","2026-07-14T22:30:32","ProjectConfigRC2, AssetEngineRC2"
"src\az_enterprise\core\asset_intelligence.py","10403","2026-07-18T19:53:26","audio, duplicate, duration_sec"
"src\az_enterprise\core\assignment_engine_rc2.py","1702","2026-07-14T18:45:39","ProjectConfigRC2, AssignmentEngineRC2"
"src\az_enterprise\core\assignment_policy_rc2.backup.py","7923","2026-07-18T22:40:13","duplicate"
"src\az_enterprise\core\assignment_policy_rc2.py","15223","2026-07-19T01:55:31","duplicate, max_use"
"src\az_enterprise\core\capcut_bridge.py","6835","2026-07-07T14:20:08","transition, camera_motion"
"src\az_enterprise\core\cv_model.py","28480","2026-07-07T14:20:08","ffprobe, duplicate, duration_sec"
"src\az_enterprise\core\database.py","14070","2026-07-15T13:39:35","transition, dissolve, camera_motion, duplicate, max_use, duration_sec"
"src\az_enterprise\core\director_ai.py","20541","2026-07-14T19:09:47","transition, StoryEngine"
"src\az_enterprise\core\director_ai_runtime.py","31516","2026-07-17T13:24:15","natural_sound, sound, montage, repeated, duration_sec, ProjectConfigRC2"
"src\az_enterprise\core\director_core_rc2.py","27454","2026-07-20T01:41:58","RenderEngineRC2, natural_sound, sound, montage, repeated, duration_sec, ProjectConfigRC2, QualityGateRC2, AssignmentEngineRC2, AssetEngineRC2, StoryEngine, timeline_path, canonical_render_path"
"src\az_enterprise\core\director_supervisor_alpha292.py","6219","2026-07-20T01:33:51","repeated"
"src\az_enterprise\core\editorial_package_rc2.py","11360","2026-07-15T19:34:10","transition, duplicate, duration_sec"
"src\az_enterprise\core\event_discovery_engine_rc2.py","15072","2026-07-15T15:38:36","music, duration_sec"
"src\az_enterprise\core\final_timeline_viewer.py","6344","2026-07-07T14:20:08","transition, camera_motion"
"src\az_enterprise\core\integrations.py","7255","2026-07-07T14:20:08","music"
"src\az_enterprise\core\live_api_layer.py","6601","2026-07-07T14:20:08","music"
"src\az_enterprise\core\live_connectors.py","6536","2026-07-07T14:20:08","music"
"src\az_enterprise\core\local_autopilot.py","4043","2026-07-07T14:20:08","montage"
"src\az_enterprise\core\media_orchestrator.py","5702","2026-07-08T15:31:43","movie_runtime_rc1"
"src\az_enterprise\core\module_registry_alpha29.py","2292","2026-07-17T20:36:33","duplicate"
"src\az_enterprise\core\montage_workbench.py","9668","2026-07-07T14:20:08","transition, camera_motion, montage"
"src\az_enterprise\core\movie_runtime_rc1.py","20695","2026-07-14T19:45:12","audio, montage, duration_sec, ProjectConfigRC2, StoryEngine, production_script, movie_runtime_rc1"
"src\az_enterprise\core\narrative_writer_rc2.py","15895","2026-07-15T18:47:16","audio, transition, duration_sec"
"src\az_enterprise\core\native_timeline.py","8520","2026-07-07T14:20:08","audio, transition, dissolve, fade, duration_sec"
"src\az_enterprise\core\native_viewer_pro.py","5515","2026-07-07T14:20:08","camera_motion"
"src\az_enterprise\core\native_viewer_rc.py","5145","2026-07-07T14:20:08","transition, camera_motion, duration_sec"
"src\az_enterprise\core\operator_console.py","9036","2026-07-07T14:20:08","duplicate"
"src\az_enterprise\core\paths.py","554","2026-07-07T14:20:08","audio, music"
"src\az_enterprise\core\pipeline_runtime.py","35024","2026-07-17T23:45:30","audio, montage, repeated, duration_sec, StoryEngine"
"src\az_enterprise\core\postproduction_quality_rc2.py","18523","2026-07-17T15:09:02","audio, natural_sound, sound, rhythm, duration_sec, timeline_path"
"src\az_enterprise\core\preflight.py","7678","2026-07-07T14:20:08","ffmpeg, ffprobe, audio, music"
"src\az_enterprise\core\production_director.py","9123","2026-07-10T16:42:34","RenderEngineRC1, audio, duration_sec, render_rc1, movie_runtime_rc1"
"src\az_enterprise\core\production_script_assembler_rc2.py","12185","2026-07-15T20:32:22","music, sound, transition, duration_sec, production_script"
"src\az_enterprise\core\production_script_regenerator_rc2.py","5648","2026-07-15T22:20:36","duration_sec, ProjectConfigRC2, production_script"
"src\az_enterprise\core\project_config_rc2.py","2656","2026-07-18T17:38:21","audio, ProjectConfigRC2, timeline_path, canonical_render_path, render_rc1, movie_runtime_rc1, franklin_render_rc1"
"src\az_enterprise\core\project_model_alpha301.py","7693","2026-07-17T22:02:20","duplicate, duration_sec"
"src\az_enterprise\core\project_profiles_alpha273.py","3727","2026-07-17T15:34:15","repeated"
"src\az_enterprise\core\quality.py","4864","2026-07-07T14:20:08","duplicate"
"src\az_enterprise\core\quality_gate_rc2.py","6925","2026-07-17T13:24:15","RenderEngineRC2, duration_sec, ProjectConfigRC2, QualityGateRC2, timeline_path, canonical_render_path"
"src\az_enterprise\core\rc2_cli.py","1909","2026-07-13T19:12:22","ProjectConfigRC2"
"src\az_enterprise\core\recommendation_engine_alpha28.py","21535","2026-07-17T15:52:28","duplicate, repeated, rhythm, duration_sec"
"src\az_enterprise\core\render_engine_rc1.py","14520","2026-07-12T23:36:54","RenderEngineRC1, ffmpeg, audio, duration_sec, timeline_path, render_rc1, movie_runtime_rc1, franklin_render_rc1"
"src\az_enterprise\core\render_engine_rc2.py","4565","2026-07-18T13:52:30","RenderEngineRC1, RenderEngineRC2, ffmpeg, ffprobe, audio, ProjectConfigRC2, canonical_render_path"
"src\az_enterprise\core\runtime_governance_rc2.py","1492","2026-07-13T19:12:22","StoryEngine"
"src\az_enterprise\core\story_engine.py","28283","2026-07-18T18:02:13","transition, dissolve, fade, camera_motion, montage, duration_sec, StoryEngine"
"src\az_enterprise\core\story_engine_runtime.py","21271","2026-07-07T14:20:08","transition, camera_motion, montage, duration_sec, StoryEngine"
"src\az_enterprise\core\story_strategy_contract_rc2.py","8906","2026-07-15T16:40:17","transition, duplicate, duration_sec"
"src\az_enterprise\core\story_strategy_engine_rc2.py","13429","2026-07-15T17:11:27","music, transition, dissolve, duration_sec"
"src\az_enterprise\core\timeline_engine_rc2.py","20426","2026-07-15T21:41:45","natural_sound, sound, transition, camera_motion, duration_sec, ProjectConfigRC2, production_script, timeline_path"
"src\az_enterprise\core\timeline_studio.py","5129","2026-07-07T14:20:08","transition, camera_motion, duration_sec"
"src\az_enterprise\core\timeline_viewer_2.py","2953","2026-07-07T14:20:08","transition, camera_motion, duration_sec"
"src\az_enterprise\core\visual_asset_registrar.py","26000","2026-07-12T16:16:01","duplicate"
"src\az_enterprise\core\visual_dynamics_alpha272.py","12030","2026-07-17T15:34:15","transition, repeated, duration_sec, timeline_path"
"src\az_enterprise\core\visual_semantic_analyzer_rc2.py","23681","2026-07-15T14:48:48","music, duration_sec"
"src\az_enterprise\core\visual_understanding_contract_rc2.py","11880","2026-07-15T13:58:43","duplicate, duration_sec"
"src\az_enterprise\core\voice_production_engine_rc2.py","13587","2026-07-15T23:14:13","ffmpeg, ffprobe, audio, duration_sec, ProjectConfigRC2, production_script"
"src\az_enterprise\core\workflow.py","17533","2026-07-07T14:20:08","montage, StoryEngine"
