№,Таймкод IN,Таймкод OUT,Длительность,Блок,Действие в CapCut,Материал,Тип,Камера,Переход,Смысл,Статус
1,00:00:00.00,00:00:06.24,6.24,B01,Положить материал на видеодорожку V1; применить указанное движение камеры,S01_SH01_Arctic_Aerial_Master.jpg,image,slow push-in,fade from black,"Холодный факт исчезновения. Открыть фильм не справкой, а последствиями катастрофы.",assigned
2,00:00:06.24,00:00:12.47,6.24,B01,Положить материал на видеодорожку V1; применить указанное движение камеры,S01_SH02_Erebus_Terror_Master.jpg,image,macro drift,cut,"Холодный факт исчезновения. Открыть фильм не справкой, а последствиями катастрофы.",assigned
3,00:00:12.47,00:00:18.71,6.24,B01,Положить материал на видеодорожку V1; применить указанное движение камеры,franklin_video_01.mp4,video,fade from black,cut,"Холодный факт исчезновения. Открыть фильм не справкой, а последствиями катастрофы.",assigned
4,00:00:18.71,00:00:24.95,6.24,B01,Положить материал на видеодорожку V1; применить указанное движение камеры,franklin_video_02.mp4,video,slow push-in,cut,"Холодный факт исчезновения. Открыть фильм не справкой, а последствиями катастрофы.",assigned
5,00:00:24.95,00:00:31.18,6.24,B01,Положить материал на видеодорожку V1; применить указанное движение камеры,S01_SH06_Deck_Detail.jpg,image,macro drift,cut,"Холодный факт исчезновения. Открыть фильм не справкой, а последствиями катастрофы.",assigned
6,00:00:31.18,00:00:37.42,6.24,B01,Положить материал на видеодорожку V1; применить указанное движение камеры,franklin_video_03.mp4,video,fade from black,soft dissolve,"Холодный факт исчезновения. Открыть фильм не справкой, а последствиями катастрофы.",assigned
7,00:00:37.42,00:00:43.03,5.61,B01,Положить материал на видеодорожку V1; применить указанное движение камеры,S01_SH04_Crew_Commander.jpg,image,slow drone,dissolve,Экспедиция входит в Арктику. Показать два корабля как героев фильма и изоляцию в ледовом пространстве.,assigned
8,00:00:43.03,00:00:48.65,5.61,B01,Положить материал на видеодорожку V1; применить указанное движение камеры,S01_SH05_Crew_Working.jpg,image,dolly forward,cut,Экспедиция входит в Арктику. Показать два корабля как героев фильма и изоляцию в ледовом пространстве.,assigned
9,00:00:48.65,00:00:54.26,5.61,B01,Оставить placeholder; материал нужно создать по prompt pack,MISSING_009,placeholder,slow pan,cut,Экспедиция входит в Арктику. Показать два корабля как героев фильма и изоляцию в ледовом пространстве.,missing
10,00:00:54.26,00:00:59.87,5.61,B01,Оставить placeholder; материал нужно создать по prompt pack,MISSING_010,placeholder,slow drone,cut,Экспедиция входит в Арктику. Показать два корабля как героев фильма и изоляцию в ледовом пространстве.,missing
11,00:00:59.87,00:01:05.49,5.61,B01,Оставить placeholder; материал нужно создать по prompt pack,MISSING_011,placeholder,dolly forward,cut,Экспедиция входит в Арктику. Показать два корабля как героев фильма и изоляцию в ледовом пространстве.,missing
12,00:01:05.49,00:01:11.10,5.61,B01,Оставить placeholder; материал нужно создать по prompt pack,MISSING_012,placeholder,slow pan,cut,Экспедиция входит в Арктику. Показать два корабля как героев фильма и изоляцию в ледовом пространстве.,missing
13,00:01:11.10,00:01:16.71,5.61,B01,Оставить placeholder; материал нужно создать по prompt pack,MISSING_013,placeholder,slow drone,cut,Экспедиция входит в Арктику. Показать два корабля как героев фильма и изоляцию в ледовом пространстве.,missing
14,00:01:16.71,00:01:22.33,5.61,B01,Оставить placeholder; материал нужно создать по prompt pack,MISSING_014,placeholder,dolly forward,cut,Экспедиция входит в Арктику. Показать два корабля как героев фильма и изоляцию в ледовом пространстве.,missing
15,00:01:22.33,00:01:27.94,5.61,B01,Оставить placeholder; материал нужно создать по prompt pack,MISSING_015,placeholder,slow pan,cut,Экспедиция входит в Арктику. Показать два корабля как героев фильма и изоляцию в ледовом пространстве.,missing
16,00:01:27.94,00:01:33.55,5.61,B01,Оставить placeholder; материал нужно создать по prompt pack,MISSING_016,placeholder,slow drone,soft dissolve,Экспедиция входит в Арктику. Показать два корабля как героев фильма и изоляцию в ледовом пространстве.,missing
17,00:01:33.55,00:01:39.85,6.30,B01,Оставить placeholder; материал нужно создать по prompt pack,MISSING_017,placeholder,slow track,dissolve,"Люди на кораблях. Перевести масштаб экспедиции к людям, команде и командованию.",missing
18,00:01:39.85,00:01:46.15,6.30,B01,Оставить placeholder; материал нужно создать по prompt pack,MISSING_018,placeholder,handheld subtle,cut,"Люди на кораблях. Перевести масштаб экспедиции к людям, команде и командованию.",missing
19,00:01:46.15,00:01:52.44,6.30,B01,Оставить placeholder; материал нужно создать по prompt pack,MISSING_019,placeholder,push-in,cut,"Люди на кораблях. Перевести масштаб экспедиции к людям, команде и командованию.",missing
20,00:01:52.44,00:01:58.74,6.30,B01,Оставить placeholder; материал нужно создать по prompt pack,MISSING_020,placeholder,slow track,cut,"Люди на кораблях. Перевести масштаб экспедиции к людям, команде и командованию.",missing
21,00:01:58.74,00:02:05.04,6.30,B01,Оставить placeholder; материал нужно создать по prompt pack,MISSING_021,placeholder,handheld subtle,cut,"Люди на кораблях. Перевести масштаб экспедиции к людям, команде и командованию.",missing
22,00:02:05.04,00:02:11.33,6.30,B01,Оставить placeholder; материал нужно создать по prompt pack,MISSING_022,placeholder,push-in,cut,"Люди на кораблях. Перевести масштаб экспедиции к людям, команде и командованию.",missing
23,00:02:11.33,00:02:17.63,6.30,B01,Оставить placeholder; материал нужно создать по prompt pack,MISSING_023,placeholder,slow track,cut,"Люди на кораблях. Перевести масштаб экспедиции к людям, команде и командованию.",missing
24,00:02:17.63,00:02:23.93,6.30,B01,Оставить placeholder; материал нужно создать по prompt pack,MISSING_024,placeholder,handheld subtle,soft dissolve,"Люди на кораблях. Перевести масштаб экспедиции к людям, команде и командованию.",missing
25,00:02:23.93,00:02:30.30,6.37,B02,Оставить placeholder; материал нужно создать по prompt pack,MISSING_025,placeholder,paper reveal,dissolve,"Первые годы молчания. Показать, что тревога возникла поздно и время было потеряно.",missing
26,00:02:30.30,00:02:36.68,6.37,B02,Оставить placeholder; материал нужно создать по prompt pack,MISSING_026,placeholder,map pan,cut,"Первые годы молчания. Показать, что тревога возникла поздно и время было потеряно.",missing
27,00:02:36.68,00:02:43.05,6.37,B02,Оставить placeholder; материал нужно создать по prompt pack,MISSING_027,placeholder,dissolve,cut,"Первые годы молчания. Показать, что тревога возникла поздно и время было потеряно.",missing
28,00:02:43.05,00:02:49.42,6.37,B02,Оставить placeholder; материал нужно создать по prompt pack,MISSING_028,placeholder,paper reveal,cut,"Первые годы молчания. Показать, что тревога возникла поздно и время было потеряно.",missing
29,00:02:49.42,00:02:55.80,6.37,B02,Оставить placeholder; материал нужно создать по prompt pack,MISSING_029,placeholder,map pan,cut,"Первые годы молчания. Показать, что тревога возникла поздно и время было потеряно.",missing
30,00:02:55.80,00:03:02.17,6.37,B02,Оставить placeholder; материал нужно создать по prompt pack,MISSING_030,placeholder,dissolve,cut,"Первые годы молчания. Показать, что тревога возникла поздно и время было потеряно.",missing
31,00:03:02.17,00:03:08.55,6.37,B02,Оставить placeholder; материал нужно создать по prompt pack,MISSING_031,placeholder,paper reveal,soft dissolve,"Первые годы молчания. Показать, что тревога возникла поздно и время было потеряно.",missing
32,00:03:08.55,00:03:14.92,6.37,B02,Оставить placeholder; материал нужно создать по prompt pack,MISSING_032,placeholder,slow push-in,dissolve,Джейн Франклин и поиски. Показать личную настойчивость как двигатель расследования.,missing
33,00:03:14.92,00:03:21.29,6.37,B02,Оставить placeholder; материал нужно создать по prompt pack,MISSING_033,placeholder,map trace,cut,Джейн Франклин и поиски. Показать личную настойчивость как двигатель расследования.,missing
34,00:03:21.29,00:03:27.67,6.37,B02,Оставить placeholder; материал нужно создать по prompt pack,MISSING_034,placeholder,dissolve,cut,Джейн Франклин и поиски. Показать личную настойчивость как двигатель расследования.,missing
35,00:03:27.67,00:03:34.04,6.37,B02,Оставить placeholder; материал нужно создать по prompt pack,MISSING_035,placeholder,slow push-in,cut,Джейн Франклин и поиски. Показать личную настойчивость как двигатель расследования.,missing
36,00:03:34.04,00:03:40.42,6.37,B02,Оставить placeholder; материал нужно создать по prompt pack,MISSING_036,placeholder,map trace,cut,Джейн Франклин и поиски. Показать личную настойчивость как двигатель расследования.,missing
37,00:03:40.42,00:03:46.79,6.37,B02,Оставить placeholder; материал нужно создать по prompt pack,MISSING_037,placeholder,dissolve,cut,Джейн Франклин и поиски. Показать личную настойчивость как двигатель расследования.,missing
38,00:03:46.79,00:03:53.16,6.37,B02,Оставить placeholder; материал нужно создать по prompt pack,MISSING_038,placeholder,slow push-in,soft dissolve,Джейн Франклин и поиски. Показать личную настойчивость как двигатель расследования.,missing
39,00:03:53.16,00:03:59.06,5.90,B02,Оставить placeholder; материал нужно создать по prompt pack,MISSING_039,placeholder,slow pullback,dissolve,"Остров Бичи. Остров Бичи меняет понимание: катастрофа ещё не началась, но первые смерти уже есть.",missing
40,00:03:59.06,00:04:04.97,5.90,B02,Оставить placeholder; материал нужно создать по prompt pack,MISSING_040,placeholder,static hold,cut,"Остров Бичи. Остров Бичи меняет понимание: катастрофа ещё не началась, но первые смерти уже есть.",missing
41,00:04:04.97,00:04:10.87,5.90,B02,Оставить placeholder; материал нужно создать по prompt pack,MISSING_041,placeholder,cold dissolve,cut,"Остров Бичи. Остров Бичи меняет понимание: катастрофа ещё не началась, но первые смерти уже есть.",missing
42,00:04:10.87,00:04:16.77,5.90,B02,Оставить placeholder; материал нужно создать по prompt pack,MISSING_042,placeholder,slow pullback,cut,"Остров Бичи. Остров Бичи меняет понимание: катастрофа ещё не началась, но первые смерти уже есть.",missing
43,00:04:16.77,00:04:22.67,5.90,B02,Оставить placeholder; материал нужно создать по prompt pack,MISSING_043,placeholder,static hold,cut,"Остров Бичи. Остров Бичи меняет понимание: катастрофа ещё не началась, но первые смерти уже есть.",missing
44,00:04:22.67,00:04:28.57,5.90,B02,Оставить placeholder; материал нужно создать по prompt pack,MISSING_044,placeholder,cold dissolve,cut,"Остров Бичи. Остров Бичи меняет понимание: катастрофа ещё не началась, но первые смерти уже есть.",missing
45,00:04:28.57,00:04:34.47,5.90,B02,Оставить placeholder; материал нужно создать по prompt pack,MISSING_045,placeholder,slow pullback,cut,"Остров Бичи. Остров Бичи меняет понимание: катастрофа ещё не началась, но первые смерти уже есть.",missing
46,00:04:34.47,00:04:40.37,5.90,B02,Оставить placeholder; материал нужно создать по prompt pack,MISSING_046,placeholder,static hold,cut,"Остров Бичи. Остров Бичи меняет понимание: катастрофа ещё не началась, но первые смерти уже есть.",missing
47,00:04:40.37,00:04:46.27,5.90,B02,Оставить placeholder; материал нужно создать по prompt pack,MISSING_047,placeholder,cold dissolve,cut,"Остров Бичи. Остров Бичи меняет понимание: катастрофа ещё не началась, но первые смерти уже есть.",missing
48,00:04:46.27,00:04:52.17,5.90,B02,Оставить placeholder; материал нужно создать по prompt pack,MISSING_048,placeholder,slow pullback,soft dissolve,"Остров Бичи. Остров Бичи меняет понимание: катастрофа ещё не началась, но первые смерти уже есть.",missing
49,00:04:52.17,00:04:57.79,5.61,B03,Оставить placeholder; материал нужно создать по prompt pack,MISSING_049,placeholder,macro push,dissolve,Находка записки. Подвести к главному письменному документу экспедиции.,missing
50,00:04:57.79,00:05:03.40,5.61,B03,Оставить placeholder; материал нужно создать по prompt pack,MISSING_050,placeholder,paper unfold,cut,Находка записки. Подвести к главному письменному документу экспедиции.,missing
51,00:05:03.40,00:05:09.01,5.61,B03,Оставить placeholder; материал нужно создать по prompt pack,MISSING_051,placeholder,hold,cut,Находка записки. Подвести к главному письменному документу экспедиции.,missing
52,00:05:09.01,00:05:14.63,5.61,B03,Оставить placeholder; материал нужно создать по prompt pack,MISSING_052,placeholder,macro push,cut,Находка записки. Подвести к главному письменному документу экспедиции.,missing
53,00:05:14.63,00:05:20.24,5.61,B03,Оставить placeholder; материал нужно создать по prompt pack,MISSING_053,placeholder,paper unfold,cut,Находка записки. Подвести к главному письменному документу экспедиции.,missing
54,00:05:20.24,00:05:25.85,5.61,B03,Оставить placeholder; материал нужно создать по prompt pack,MISSING_054,placeholder,hold,cut,Находка записки. Подвести к главному письменному документу экспедиции.,missing
55,00:05:25.85,00:05:31.47,5.61,B03,Оставить placeholder; материал нужно создать по prompt pack,MISSING_055,placeholder,macro push,cut,Находка записки. Подвести к главному письменному документу экспедиции.,missing
56,00:05:31.47,00:05:37.08,5.61,B03,Оставить placeholder; материал нужно создать по prompt pack,MISSING_056,placeholder,paper unfold,cut,Находка записки. Подвести к главному письменному документу экспедиции.,missing
57,00:05:37.08,00:05:42.69,5.61,B03,Оставить placeholder; материал нужно создать по prompt pack,MISSING_057,placeholder,hold,cut,Находка записки. Подвести к главному письменному документу экспедиции.,missing
58,00:05:42.69,00:05:48.31,5.61,B03,Оставить placeholder; материал нужно создать по prompt pack,MISSING_058,placeholder,macro push,soft dissolve,Находка записки. Подвести к главному письменному документу экспедиции.,missing
59,00:05:48.31,00:05:54.35,6.05,B03,Оставить placeholder; материал нужно создать по prompt pack,MISSING_059,placeholder,slow scan,dissolve,Две записи на одном листе. Показать смену смысла: от благополучной записи к сообщению о смерти и уходе.,missing
60,00:05:54.35,00:06:00.40,6.05,B03,Оставить placeholder; материал нужно создать по prompt pack,MISSING_060,placeholder,date reveal,cut,Две записи на одном листе. Показать смену смысла: от благополучной записи к сообщению о смерти и уходе.,missing
61,00:06:00.40,00:06:06.44,6.04,B03,Оставить placeholder; материал нужно создать по prompt pack,MISSING_061,placeholder,map move,cut,Две записи на одном листе. Показать смену смысла: от благополучной записи к сообщению о смерти и уходе.,missing
62,00:06:06.44,00:06:12.49,6.05,B03,Оставить placeholder; материал нужно создать по prompt pack,MISSING_062,placeholder,slow scan,cut,Две записи на одном листе. Показать смену смысла: от благополучной записи к сообщению о смерти и уходе.,missing
63,00:06:12.49,00:06:18.53,6.05,B03,Оставить placeholder; материал нужно создать по prompt pack,MISSING_063,placeholder,date reveal,cut,Две записи на одном листе. Показать смену смысла: от благополучной записи к сообщению о смерти и уходе.,missing
64,00:06:18.53,00:06:24.58,6.05,B03,Оставить placeholder; материал нужно создать по prompt pack,MISSING_064,placeholder,map move,cut,Две записи на одном листе. Показать смену смысла: от благополучной записи к сообщению о смерти и уходе.,missing
65,00:06:24.58,00:06:30.62,6.04,B03,Оставить placeholder; материал нужно создать по prompt pack,MISSING_065,placeholder,slow scan,cut,Две записи на одном листе. Показать смену смысла: от благополучной записи к сообщению о смерти и уходе.,missing
66,00:06:30.62,00:06:36.67,6.05,B03,Оставить placeholder; материал нужно создать по prompt pack,MISSING_066,placeholder,date reveal,cut,Две записи на одном листе. Показать смену смысла: от благополучной записи к сообщению о смерти и уходе.,missing
67,00:06:36.67,00:06:42.71,6.05,B03,Оставить placeholder; материал нужно создать по prompt pack,MISSING_067,placeholder,map move,cut,Две записи на одном листе. Показать смену смысла: от благополучной записи к сообщению о смерти и уходе.,missing
68,00:06:42.71,00:06:48.76,6.04,B03,Оставить placeholder; материал нужно создать по prompt pack,MISSING_068,placeholder,slow scan,soft dissolve,Две записи на одном листе. Показать смену смысла: от благополучной записи к сообщению о смерти и уходе.,missing
69,00:06:48.76,00:06:54.35,5.60,B03,Оставить placeholder; материал нужно создать по prompt pack,MISSING_069,placeholder,slow fade,dissolve,Сто пять человек уходят пешком. Показать организованный уход и начало молчания.,missing
70,00:06:54.35,00:06:59.95,5.60,B03,Оставить placeholder; материал нужно создать по prompt pack,MISSING_070,placeholder,long lens,cut,Сто пять человек уходят пешком. Показать организованный уход и начало молчания.,missing
71,00:06:59.95,00:07:05.55,5.60,B03,Оставить placeholder; материал нужно создать по prompt pack,MISSING_071,placeholder,snow drift,cut,Сто пять человек уходят пешком. Показать организованный уход и начало молчания.,missing
72,00:07:05.55,00:07:11.14,5.60,B03,Оставить placeholder; материал нужно создать по prompt pack,MISSING_072,placeholder,slow fade,cut,Сто пять человек уходят пешком. Показать организованный уход и начало молчания.,missing
73,00:07:11.14,00:07:16.74,5.60,B03,Оставить placeholder; материал нужно создать по prompt pack,MISSING_073,placeholder,long lens,cut,Сто пять человек уходят пешком. Показать организованный уход и начало молчания.,missing
74,00:07:16.74,00:07:22.34,5.60,B03,Оставить placeholder; материал нужно создать по prompt pack,MISSING_074,placeholder,snow drift,cut,Сто пять человек уходят пешком. Показать организованный уход и начало молчания.,missing
75,00:07:22.34,00:07:27.94,5.60,B03,Оставить placeholder; материал нужно создать по prompt pack,MISSING_075,placeholder,slow fade,cut,Сто пять человек уходят пешком. Показать организованный уход и начало молчания.,missing
76,00:07:27.94,00:07:33.53,5.60,B03,Оставить placeholder; материал нужно создать по prompt pack,MISSING_076,placeholder,long lens,cut,Сто пять человек уходят пешком. Показать организованный уход и начало молчания.,missing
77,00:07:33.53,00:07:39.13,5.60,B03,Оставить placeholder; материал нужно создать по prompt pack,MISSING_077,placeholder,snow drift,soft dissolve,Сто пять человек уходят пешком. Показать организованный уход и начало молчания.,missing
78,00:07:39.13,00:07:45.05,5.92,B04,Оставить placeholder; материал нужно создать по prompt pack,MISSING_078,placeholder,slow reveal,dissolve,"Шлюпка на санях. Начать блок материальными следами, которые не складываются в логику выживания.",missing
79,00:07:45.05,00:07:50.96,5.92,B04,Оставить placeholder; материал нужно создать по prompt pack,MISSING_079,placeholder,side track,cut,"Шлюпка на санях. Начать блок материальными следами, которые не складываются в логику выживания.",missing
80,00:07:50.96,00:07:56.88,5.92,B04,Оставить placeholder; материал нужно создать по prompt pack,MISSING_080,placeholder,static hold,cut,"Шлюпка на санях. Начать блок материальными следами, которые не складываются в логику выживания.",missing
81,00:07:56.88,00:08:02.80,5.92,B04,Оставить placeholder; материал нужно создать по prompt pack,MISSING_081,placeholder,slow reveal,cut,"Шлюпка на санях. Начать блок материальными следами, которые не складываются в логику выживания.",missing
82,00:08:02.80,00:08:08.72,5.92,B04,Оставить placeholder; материал нужно создать по prompt pack,MISSING_082,placeholder,side track,cut,"Шлюпка на санях. Начать блок материальными следами, которые не складываются в логику выживания.",missing
83,00:08:08.72,00:08:14.63,5.92,B04,Оставить placeholder; материал нужно создать по prompt pack,MISSING_083,placeholder,static hold,cut,"Шлюпка на санях. Начать блок материальными следами, которые не складываются в логику выживания.",missing
84,00:08:14.63,00:08:20.55,5.92,B04,Оставить placeholder; материал нужно создать по prompt pack,MISSING_084,placeholder,slow reveal,cut,"Шлюпка на санях. Начать блок материальными следами, которые не складываются в логику выживания.",missing
85,00:08:20.55,00:08:26.47,5.92,B04,Оставить placeholder; материал нужно создать по prompt pack,MISSING_085,placeholder,side track,cut,"Шлюпка на санях. Начать блок материальными следами, которые не складываются в логику выживания.",missing
86,00:08:26.47,00:08:32.38,5.92,B04,Оставить placeholder; материал нужно создать по prompt pack,MISSING_086,placeholder,static hold,soft dissolve,"Шлюпка на санях. Начать блок материальными следами, которые не складываются в логику выживания.",missing
87,00:08:32.38,00:08:37.98,5.60,B04,Оставить placeholder; материал нужно создать по prompt pack,MISSING_087,placeholder,macro slide,dissolve,"Странный груз. Показать, что люди тащили вещи, не увеличивавшие шансы спасения.",missing
88,00:08:37.98,00:08:43.58,5.60,B04,Оставить placeholder; материал нужно создать по prompt pack,MISSING_088,placeholder,tabletop pan,cut,"Странный груз. Показать, что люди тащили вещи, не увеличивавшие шансы спасения.",missing
89,00:08:43.58,00:08:49.18,5.60,B04,Оставить placeholder; материал нужно создать по prompt pack,MISSING_089,placeholder,hard cut,cut,"Странный груз. Показать, что люди тащили вещи, не увеличивавшие шансы спасения.",missing
90,00:08:49.18,00:08:54.77,5.60,B04,Оставить placeholder; материал нужно создать по prompt pack,MISSING_090,placeholder,macro slide,cut,"Странный груз. Показать, что люди тащили вещи, не увеличивавшие шансы спасения.",missing
91,00:08:54.77,00:09:00.37,5.60,B04,Оставить placeholder; материал нужно создать по prompt pack,MISSING_091,placeholder,tabletop pan,cut,"Странный груз. Показать, что люди тащили вещи, не увеличивавшие шансы спасения.",missing
92,00:09:00.37,00:09:05.97,5.60,B04,Оставить placeholder; материал нужно создать по prompt pack,MISSING_092,placeholder,hard cut,cut,"Странный груз. Показать, что люди тащили вещи, не увеличивавшие шансы спасения.",missing
93,00:09:05.97,00:09:11.57,5.60,B04,Оставить placeholder; материал нужно создать по prompt pack,MISSING_093,placeholder,macro slide,cut,"Странный груз. Показать, что люди тащили вещи, не увеличивавшие шансы спасения.",missing
94,00:09:11.57,00:09:17.16,5.60,B04,Оставить placeholder; материал нужно создать по prompt pack,MISSING_094,placeholder,tabletop pan,cut,"Странный груз. Показать, что люди тащили вещи, не увеличивавшие шансы спасения.",missing
95,00:09:17.16,00:09:22.76,5.60,B04,Оставить placeholder; материал нужно создать по prompt pack,MISSING_095,placeholder,hard cut,soft dissolve,"Странный груз. Показать, что люди тащили вещи, не увеличивавшие шансы спасения.",missing
96,00:09:22.76,00:09:28.37,5.61,B04,Оставить placeholder; материал нужно создать по prompt pack,MISSING_096,placeholder,static macro,dissolve,"Кости и спорные улики. Ввести признаки обработки костей через факты, без сенсационности.",missing
97,00:09:28.37,00:09:33.99,5.61,B04,Оставить placeholder; материал нужно создать по prompt pack,MISSING_097,placeholder,slow tilt,cut,"Кости и спорные улики. Ввести признаки обработки костей через факты, без сенсационности.",missing
98,00:09:33.99,00:09:39.60,5.61,B04,Оставить placeholder; материал нужно создать по prompt pack,MISSING_098,placeholder,folder close,cut,"Кости и спорные улики. Ввести признаки обработки костей через факты, без сенсационности.",missing
99,00:09:39.60,00:09:45.21,5.61,B04,Оставить placeholder; материал нужно создать по prompt pack,MISSING_099,placeholder,static macro,cut,"Кости и спорные улики. Ввести признаки обработки костей через факты, без сенсационности.",missing
100,00:09:45.21,00:09:50.83,5.61,B04,Оставить placeholder; материал нужно создать по prompt pack,MISSING_100,placeholder,slow tilt,cut,"Кости и спорные улики. Ввести признаки обработки костей через факты, без сенсационности.",missing
101,00:09:50.83,00:09:56.44,5.61,B04,Оставить placeholder; материал нужно создать по prompt pack,MISSING_101,placeholder,folder close,cut,"Кости и спорные улики. Ввести признаки обработки костей через факты, без сенсационности.",missing
102,00:09:56.44,00:10:02.05,5.61,B04,Оставить placeholder; материал нужно создать по prompt pack,MISSING_102,placeholder,static macro,cut,"Кости и спорные улики. Ввести признаки обработки костей через факты, без сенсационности.",missing
103,00:10:02.05,00:10:07.66,5.61,B04,Оставить placeholder; материал нужно создать по prompt pack,MISSING_103,placeholder,slow tilt,cut,"Кости и спорные улики. Ввести признаки обработки костей через факты, без сенсационности.",missing
104,00:10:07.66,00:10:13.28,5.61,B04,Оставить placeholder; материал нужно создать по prompt pack,MISSING_104,placeholder,folder close,cut,"Кости и спорные улики. Ввести признаки обработки костей через факты, без сенсационности.",missing
105,00:10:13.28,00:10:18.89,5.61,B04,Оставить placeholder; материал нужно создать по prompt pack,MISSING_105,placeholder,static macro,soft dissolve,"Кости и спорные улики. Ввести признаки обработки костей через факты, без сенсационности.",missing
106,00:10:18.89,00:10:24.79,5.90,B05,Оставить placeholder; материал нужно создать по prompt pack,MISSING_106,placeholder,documentary handheld,dissolve,Наука возвращается на Бичи. Показать переход расследования из Арктики в лабораторию.,missing
107,00:10:24.79,00:10:30.69,5.90,B05,Оставить placeholder; материал нужно создать по prompt pack,MISSING_107,placeholder,slow reveal,cut,Наука возвращается на Бичи. Показать переход расследования из Арктики в лабораторию.,missing
108,00:10:30.69,00:10:36.59,5.90,B05,Оставить placeholder; материал нужно создать по prompt pack,MISSING_108,placeholder,cutaway,cut,Наука возвращается на Бичи. Показать переход расследования из Арктики в лабораторию.,missing
109,00:10:36.59,00:10:42.50,5.90,B05,Оставить placeholder; материал нужно создать по prompt pack,MISSING_109,placeholder,documentary handheld,cut,Наука возвращается на Бичи. Показать переход расследования из Арктики в лабораторию.,missing
110,00:10:42.50,00:10:48.40,5.90,B05,Оставить placeholder; материал нужно создать по prompt pack,MISSING_110,placeholder,slow reveal,cut,Наука возвращается на Бичи. Показать переход расследования из Арктики в лабораторию.,missing
111,00:10:48.40,00:10:54.30,5.90,B05,Оставить placeholder; материал нужно создать по prompt pack,MISSING_111,placeholder,cutaway,cut,Наука возвращается на Бичи. Показать переход расследования из Арктики в лабораторию.,missing
112,00:10:54.30,00:11:00.20,5.90,B05,Оставить placeholder; материал нужно создать по prompt pack,MISSING_112,placeholder,documentary handheld,cut,Наука возвращается на Бичи. Показать переход расследования из Арктики в лабораторию.,missing
113,00:11:00.20,00:11:06.10,5.90,B05,Оставить placeholder; материал нужно создать по prompt pack,MISSING_113,placeholder,slow reveal,cut,Наука возвращается на Бичи. Показать переход расследования из Арктики в лабораторию.,missing
114,00:11:06.10,00:11:12.00,5.90,B05,Оставить placeholder; материал нужно создать по prompt pack,MISSING_114,placeholder,cutaway,cut,Наука возвращается на Бичи. Показать переход расследования из Арктики в лабораторию.,missing
115,00:11:12.00,00:11:17.90,5.90,B05,Оставить placeholder; материал нужно создать по prompt pack,MISSING_115,placeholder,documentary handheld,soft dissolve,Наука возвращается на Бичи. Показать переход расследования из Арктики в лабораторию.,missing
116,00:11:17.90,00:11:23.50,5.60,B05,Оставить placeholder; материал нужно создать по prompt pack,MISSING_116,placeholder,slow push,dissolve,Торрингтон и масштаб исследования. Показать уникальную сохранность тел этично и без натурализма.,missing
117,00:11:23.50,00:11:29.10,5.60,B05,Оставить placeholder; материал нужно создать по prompt pack,MISSING_117,placeholder,macro detail,cut,Торрингтон и масштаб исследования. Показать уникальную сохранность тел этично и без натурализма.,missing
118,00:11:29.10,00:11:34.69,5.60,B05,Оставить placeholder; материал нужно создать по prompt pack,MISSING_118,placeholder,dissolve,cut,Торрингтон и масштаб исследования. Показать уникальную сохранность тел этично и без натурализма.,missing
119,00:11:34.69,00:11:40.29,5.60,B05,Оставить placeholder; материал нужно создать по prompt pack,MISSING_119,placeholder,slow push,cut,Торрингтон и масштаб исследования. Показать уникальную сохранность тел этично и без натурализма.,missing
120,00:11:40.29,00:11:45.89,5.60,B05,Оставить placeholder; материал нужно создать по prompt pack,MISSING_120,placeholder,macro detail,cut,Торрингтон и масштаб исследования. Показать уникальную сохранность тел этично и без натурализма.,missing
121,00:11:45.89,00:11:51.48,5.60,B05,Оставить placeholder; материал нужно создать по prompt pack,MISSING_121,placeholder,dissolve,cut,Торрингтон и масштаб исследования. Показать уникальную сохранность тел этично и без натурализма.,missing
122,00:11:51.48,00:11:57.08,5.60,B05,Оставить placeholder; материал нужно создать по prompt pack,MISSING_122,placeholder,slow push,cut,Торрингтон и масштаб исследования. Показать уникальную сохранность тел этично и без натурализма.,missing
123,00:11:57.08,00:12:02.68,5.60,B05,Оставить placeholder; материал нужно создать по prompt pack,MISSING_123,placeholder,macro detail,cut,Торрингтон и масштаб исследования. Показать уникальную сохранность тел этично и без натурализма.,missing
124,00:12:02.68,00:12:08.28,5.60,B05,Оставить placeholder; материал нужно создать по prompt pack,MISSING_124,placeholder,dissolve,soft dissolve,Торрингтон и масштаб исследования. Показать уникальную сохранность тел этично и без натурализма.,missing
125,00:12:08.28,00:12:13.89,5.61,B05,Оставить placeholder; материал нужно создать по prompt pack,MISSING_125,placeholder,macro metal,dissolve,"Свинец и новая картина. Показать, как гипотеза стала популярной и как последующие данные усложнили ответ.",missing
126,00:12:13.89,00:12:19.50,5.61,B05,Оставить placeholder; материал нужно создать по prompt pack,MISSING_126,placeholder,paper montage,cut,"Свинец и новая картина. Показать, как гипотеза стала популярной и как последующие данные усложнили ответ.",missing
127,00:12:19.50,00:12:25.12,5.61,B05,Оставить placeholder; материал нужно создать по prompt pack,MISSING_127,placeholder,lab pan,cut,"Свинец и новая картина. Показать, как гипотеза стала популярной и как последующие данные усложнили ответ.",missing
128,00:12:25.12,00:12:30.73,5.61,B05,Оставить placeholder; материал нужно создать по prompt pack,MISSING_128,placeholder,macro metal,cut,"Свинец и новая картина. Показать, как гипотеза стала популярной и как последующие данные усложнили ответ.",missing
129,00:12:30.73,00:12:36.34,5.61,B05,Оставить placeholder; материал нужно создать по prompt pack,MISSING_129,placeholder,paper montage,cut,"Свинец и новая картина. Показать, как гипотеза стала популярной и как последующие данные усложнили ответ.",missing
130,00:12:36.34,00:12:41.96,5.61,B05,Оставить placeholder; материал нужно создать по prompt pack,MISSING_130,placeholder,lab pan,cut,"Свинец и новая картина. Показать, как гипотеза стала популярной и как последующие данные усложнили ответ.",missing
131,00:12:41.96,00:12:47.57,5.61,B05,Оставить placeholder; материал нужно создать по prompt pack,MISSING_131,placeholder,macro metal,cut,"Свинец и новая картина. Показать, как гипотеза стала популярной и как последующие данные усложнили ответ.",missing
132,00:12:47.57,00:12:53.18,5.61,B05,Оставить placeholder; материал нужно создать по prompt pack,MISSING_132,placeholder,paper montage,cut,"Свинец и новая картина. Показать, как гипотеза стала популярной и как последующие данные усложнили ответ.",missing
133,00:12:53.18,00:12:58.79,5.61,B05,Оставить placeholder; материал нужно создать по prompt pack,MISSING_133,placeholder,lab pan,cut,"Свинец и новая картина. Показать, как гипотеза стала популярной и как последующие данные усложнили ответ.",missing
134,00:12:58.79,00:13:04.41,5.61,B05,Оставить placeholder; материал нужно создать по prompt pack,MISSING_134,placeholder,macro metal,soft dissolve,"Свинец и новая картина. Показать, как гипотеза стала популярной и как последующие данные усложнили ответ.",missing
135,00:13:04.41,00:13:10.02,5.61,B06,Оставить placeholder; материал нужно создать по prompt pack,MISSING_135,placeholder,screen scan,dissolve,Современные поиски. Показать возвращение поисков с технологиями и ролью свидетельств инуитов.,missing
136,00:13:10.02,00:13:15.63,5.61,B06,Оставить placeholder; материал нужно создать по prompt pack,MISSING_136,placeholder,drone coast,cut,Современные поиски. Показать возвращение поисков с технологиями и ролью свидетельств инуитов.,missing
137,00:13:15.63,00:13:21.25,5.61,B06,Оставить placeholder; материал нужно создать по prompt pack,MISSING_137,placeholder,map overlay,cut,Современные поиски. Показать возвращение поисков с технологиями и ролью свидетельств инуитов.,missing
138,00:13:21.25,00:13:26.86,5.61,B06,Оставить placeholder; материал нужно создать по prompt pack,MISSING_138,placeholder,screen scan,cut,Современные поиски. Показать возвращение поисков с технологиями и ролью свидетельств инуитов.,missing
139,00:13:26.86,00:13:32.47,5.61,B06,Оставить placeholder; материал нужно создать по prompt pack,MISSING_139,placeholder,drone coast,cut,Современные поиски. Показать возвращение поисков с технологиями и ролью свидетельств инуитов.,missing
140,00:13:32.47,00:13:38.09,5.61,B06,Оставить placeholder; материал нужно создать по prompt pack,MISSING_140,placeholder,map overlay,cut,Современные поиски. Показать возвращение поисков с технологиями и ролью свидетельств инуитов.,missing
141,00:13:38.09,00:13:43.70,5.61,B06,Оставить placeholder; материал нужно создать по prompt pack,MISSING_141,placeholder,screen scan,cut,Современные поиски. Показать возвращение поисков с технологиями и ролью свидетельств инуитов.,missing
142,00:13:43.70,00:13:49.31,5.61,B06,Оставить placeholder; материал нужно создать по prompt pack,MISSING_142,placeholder,drone coast,cut,Современные поиски. Показать возвращение поисков с технологиями и ролью свидетельств инуитов.,missing
143,00:13:49.31,00:13:54.93,5.61,B06,Оставить placeholder; материал нужно создать по prompt pack,MISSING_143,placeholder,map overlay,cut,Современные поиски. Показать возвращение поисков с технологиями и ролью свидетельств инуитов.,missing
144,00:13:54.93,00:14:00.54,5.61,B06,Оставить placeholder; материал нужно создать по prompt pack,MISSING_144,placeholder,screen scan,soft dissolve,Современные поиски. Показать возвращение поисков с технологиями и ролью свидетельств инуитов.,missing
145,00:14:00.54,00:14:06.17,5.63,B06,Оставить placeholder; материал нужно создать по prompt pack,MISSING_145,placeholder,rov glide,dissolve,"Erebus и Terror найдены. Показать находку кораблей как начало нового этапа, а не конец расследования.",missing
146,00:14:06.17,00:14:11.79,5.63,B06,Оставить placeholder; материал нужно создать по prompt pack,MISSING_146,placeholder,slow track,cut,"Erebus и Terror найдены. Показать находку кораблей как начало нового этапа, а не конец расследования.",missing
147,00:14:11.79,00:14:17.42,5.63,B06,Оставить placeholder; материал нужно создать по prompt pack,MISSING_147,placeholder,dark dissolve,cut,"Erebus и Terror найдены. Показать находку кораблей как начало нового этапа, а не конец расследования.",missing
148,00:14:17.42,00:14:23.04,5.63,B06,Оставить placeholder; материал нужно создать по prompt pack,MISSING_148,placeholder,rov glide,cut,"Erebus и Terror найдены. Показать находку кораблей как начало нового этапа, а не конец расследования.",missing
149,00:14:23.04,00:14:28.67,5.63,B06,Оставить placeholder; материал нужно создать по prompt pack,MISSING_149,placeholder,slow track,cut,"Erebus и Terror найдены. Показать находку кораблей как начало нового этапа, а не конец расследования.",missing
150,00:14:28.67,00:14:34.30,5.63,B06,Оставить placeholder; материал нужно создать по prompt pack,MISSING_150,placeholder,dark dissolve,cut,"Erebus и Terror найдены. Показать находку кораблей как начало нового этапа, а не конец расследования.",missing
151,00:14:34.30,00:14:39.92,5.63,B06,Оставить placeholder; материал нужно создать по prompt pack,MISSING_151,placeholder,rov glide,cut,"Erebus и Terror найдены. Показать находку кораблей как начало нового этапа, а не конец расследования.",missing
152,00:14:39.92,00:14:45.55,5.63,B06,Оставить placeholder; материал нужно создать по prompt pack,MISSING_152,placeholder,slow track,cut,"Erebus и Terror найдены. Показать находку кораблей как начало нового этапа, а не конец расследования.",missing
153,00:14:45.55,00:14:51.18,5.63,B06,Оставить placeholder; материал нужно создать по prompt pack,MISSING_153,placeholder,dark dissolve,cut,"Erebus и Terror найдены. Показать находку кораблей как начало нового этапа, а не конец расследования.",missing
154,00:14:51.18,00:14:56.80,5.63,B06,Оставить placeholder; материал нужно создать по prompt pack,MISSING_154,placeholder,rov glide,cut,"Erebus и Terror найдены. Показать находку кораблей как начало нового этапа, а не конец расследования.",missing
155,00:14:56.80,00:15:02.43,5.63,B06,Оставить placeholder; материал нужно создать по prompt pack,MISSING_155,placeholder,slow track,soft dissolve,"Erebus и Terror найдены. Показать находку кораблей как начало нового этапа, а не конец расследования.",missing
156,00:15:02.43,00:15:08.19,5.76,B06,Оставить placeholder; материал нужно создать по prompt pack,MISSING_156,placeholder,slow pullback,dissolve,"Финал: история сохраняет следы. Спокойно завершить фильм: ответы есть, но последнее молчание остаётся.",missing
157,00:15:08.19,00:15:13.94,5.76,B06,Оставить placeholder; материал нужно создать по prompt pack,MISSING_157,placeholder,fade out,cut,"Финал: история сохраняет следы. Спокойно завершить фильм: ответы есть, но последнее молчание остаётся.",missing
158,00:15:13.94,00:15:19.70,5.76,B06,Оставить placeholder; материал нужно создать по prompt pack,MISSING_158,placeholder,snow increase,cut,"Финал: история сохраняет следы. Спокойно завершить фильм: ответы есть, но последнее молчание остаётся.",missing
159,00:15:19.70,00:15:25.46,5.76,B06,Оставить placeholder; материал нужно создать по prompt pack,MISSING_159,placeholder,slow pullback,cut,"Финал: история сохраняет следы. Спокойно завершить фильм: ответы есть, но последнее молчание остаётся.",missing
160,00:15:25.46,00:15:31.21,5.76,B06,Оставить placeholder; материал нужно создать по prompt pack,MISSING_160,placeholder,fade out,cut,"Финал: история сохраняет следы. Спокойно завершить фильм: ответы есть, но последнее молчание остаётся.",missing
161,00:15:31.21,00:15:36.97,5.76,B06,Оставить placeholder; материал нужно создать по prompt pack,MISSING_161,placeholder,snow increase,cut,"Финал: история сохраняет следы. Спокойно завершить фильм: ответы есть, но последнее молчание остаётся.",missing
162,00:15:36.97,00:15:42.73,5.76,B06,Оставить placeholder; материал нужно создать по prompt pack,MISSING_162,placeholder,slow pullback,cut,"Финал: история сохраняет следы. Спокойно завершить фильм: ответы есть, но последнее молчание остаётся.",missing
163,00:15:42.73,00:15:48.49,5.76,B06,Оставить placeholder; материал нужно создать по prompt pack,MISSING_163,placeholder,fade out,cut,"Финал: история сохраняет следы. Спокойно завершить фильм: ответы есть, но последнее молчание остаётся.",missing
164,00:15:48.49,00:15:54.24,5.76,B06,Оставить placeholder; материал нужно создать по prompt pack,MISSING_164,placeholder,snow increase,cut,"Финал: история сохраняет следы. Спокойно завершить фильм: ответы есть, но последнее молчание остаётся.",missing
165,00:15:54.24,00:16:00.00,5.76,B06,Оставить placeholder; материал нужно создать по prompt pack,MISSING_165,placeholder,slow pullback,soft dissolve,"Финал: история сохраняет следы. Спокойно завершить фильм: ответы есть, но последнее молчание остаётся.",missing
