№,Начало,Конец,Длительность,Блок,Смысл,Визуальная задача,Эмоция,Материал,Тип,Путь,Камера,Переход,Статус
1,00:00:00.000,00:00:05.817,5.82,B01,Арктика скрывает следы экспедиции,ship ice wide,isolation,S01_SH01_Arctic_Aerial_Master.jpg,image,/mnt/data/ATLAS_ZERO_ENTERPRISE_RC1_ALPHA_1_8/workspace/projects/franklin/02_Images/S01_SH01_Arctic_Aerial_Master.jpg,slow push-in,dissolve,assigned
2,00:00:05.817,00:00:11.635,5.82,B01,Арктика скрывает следы экспедиции,ship ice wide,isolation,S01_SH01_Arctic_Aerial_Master.jpg,image,/mnt/data/ATLAS_ZERO_ENTERPRISE_RC1_ALPHA_1_8/workspace/projects/franklin/02_Images/S01_SH01_Arctic_Aerial_Master.jpg,slow push-in,dissolve,assigned
3,00:00:11.635,00:00:17.454,5.82,B01,Арктика скрывает следы экспедиции,ship ice wide,isolation,S01_SH01_Arctic_Aerial_Master.jpg,image,/mnt/data/ATLAS_ZERO_ENTERPRISE_RC1_ALPHA_1_8/workspace/projects/franklin/02_Images/S01_SH01_Arctic_Aerial_Master.jpg,slow push-in,dissolve,assigned
4,00:00:17.454,00:00:23.272,5.82,B01,Арктика скрывает следы экспедиции,ship ice wide,isolation,S01_SH01_Arctic_Aerial_Master.jpg,image,/mnt/data/ATLAS_ZERO_ENTERPRISE_RC1_ALPHA_1_8/workspace/projects/franklin/02_Images/S01_SH01_Arctic_Aerial_Master.jpg,slow push-in,dissolve,assigned
5,00:00:23.272,00:00:29.091,5.82,B01,Арктика скрывает следы экспедиции,ship ice wide,isolation,S01_SH01_Arctic_Aerial_Master.jpg,image,/mnt/data/ATLAS_ZERO_ENTERPRISE_RC1_ALPHA_1_8/workspace/projects/franklin/02_Images/S01_SH01_Arctic_Aerial_Master.jpg,slow push-in,dissolve,assigned
6,00:00:29.091,00:00:34.908,5.82,B01,Арктика скрывает следы экспедиции,ship ice wide,isolation,S01_SH01_Arctic_Aerial_Master.jpg,image,/mnt/data/ATLAS_ZERO_ENTERPRISE_RC1_ALPHA_1_8/workspace/projects/franklin/02_Images/S01_SH01_Arctic_Aerial_Master.jpg,slow push-in,dissolve,assigned
7,00:00:34.908,00:00:40.726,5.82,B01,Арктика скрывает следы экспедиции,ship ice wide,isolation,S01_SH01_Arctic_Aerial_Master.jpg,image,/mnt/data/ATLAS_ZERO_ENTERPRISE_RC1_ALPHA_1_8/workspace/projects/franklin/02_Images/S01_SH01_Arctic_Aerial_Master.jpg,slow push-in,dissolve,assigned
8,00:00:40.726,00:00:46.545,5.82,B01,Арктика скрывает следы экспедиции,ship ice wide,isolation,S01_SH01_Arctic_Aerial_Master.jpg,image,/mnt/data/ATLAS_ZERO_ENTERPRISE_RC1_ALPHA_1_8/workspace/projects/franklin/02_Images/S01_SH01_Arctic_Aerial_Master.jpg,slow push-in,dissolve,assigned
9,00:00:46.545,00:00:52.363,5.82,B01,Арктика скрывает следы экспедиции,ship ice wide,isolation,S01_SH01_Arctic_Aerial_Master.jpg,image,/mnt/data/ATLAS_ZERO_ENTERPRISE_RC1_ALPHA_1_8/workspace/projects/franklin/02_Images/S01_SH01_Arctic_Aerial_Master.jpg,slow push-in,dissolve,assigned
10,00:00:52.363,00:00:58.182,5.82,B01,Арктика скрывает следы экспедиции,ship ice wide,isolation,S01_SH01_Arctic_Aerial_Master.jpg,image,/mnt/data/ATLAS_ZERO_ENTERPRISE_RC1_ALPHA_1_8/workspace/projects/franklin/02_Images/S01_SH01_Arctic_Aerial_Master.jpg,slow push-in,dissolve,assigned
11,00:00:58.182,00:01:04.000,5.82,B01,Арктика скрывает следы экспедиции,ship ice wide,isolation,S01_SH01_Arctic_Aerial_Master.jpg,image,/mnt/data/ATLAS_ZERO_ENTERPRISE_RC1_ALPHA_1_8/workspace/projects/franklin/02_Images/S01_SH01_Arctic_Aerial_Master.jpg,slow push-in,dissolve,assigned
12,00:01:04.000,00:01:09.817,5.82,B01,Арктика скрывает следы экспедиции,ship ice wide,isolation,S01_SH01_Arctic_Aerial_Master.jpg,image,/mnt/data/ATLAS_ZERO_ENTERPRISE_RC1_ALPHA_1_8/workspace/projects/franklin/02_Images/S01_SH01_Arctic_Aerial_Master.jpg,slow push-in,dissolve,assigned
13,00:01:09.817,00:01:15.635,5.82,B01,Арктика скрывает следы экспедиции,ship ice wide,isolation,S01_SH01_Arctic_Aerial_Master.jpg,image,/mnt/data/ATLAS_ZERO_ENTERPRISE_RC1_ALPHA_1_8/workspace/projects/franklin/02_Images/S01_SH01_Arctic_Aerial_Master.jpg,slow push-in,dissolve,assigned
14,00:01:15.635,00:01:21.454,5.82,B01,Арктика скрывает следы экспедиции,ship ice wide,isolation,S01_SH01_Arctic_Aerial_Master.jpg,image,/mnt/data/ATLAS_ZERO_ENTERPRISE_RC1_ALPHA_1_8/workspace/projects/franklin/02_Images/S01_SH01_Arctic_Aerial_Master.jpg,slow push-in,dissolve,assigned
15,00:01:21.454,00:01:27.272,5.82,B01,Erebus и Terror входят в ледяную пустоту,ship ice video,isolation,hailuo-2_3_cool_color_The_uploaded_image_is_the_exact_reference_frame._Begin_exactly_from_t-0.mp4,video,/mnt/data/ATLAS_ZERO_ENTERPRISE_RC1_ALPHA_1_8/workspace/projects/franklin/03_Video/hailuo-2_3_cool_color_The_uploaded_image_is_the_exact_reference_frame._Begin_exactly_from_t-0.mp4,slow push-in,dissolve,assigned
16,00:01:27.272,00:01:33.090,5.82,B01,Erebus и Terror входят в ледяную пустоту,ship ice video,isolation,hailuo-2_3_cool_color_The_uploaded_image_is_the_exact_reference_frame._Begin_exactly_from_t-0.mp4,video,/mnt/data/ATLAS_ZERO_ENTERPRISE_RC1_ALPHA_1_8/workspace/projects/franklin/03_Video/hailuo-2_3_cool_color_The_uploaded_image_is_the_exact_reference_frame._Begin_exactly_from_t-0.mp4,slow push-in,dissolve,assigned
17,00:01:33.090,00:01:38.909,5.82,B01,Erebus и Terror входят в ледяную пустоту,ship ice video,isolation,hailuo-2_3_cool_color_The_uploaded_image_is_the_exact_reference_frame._Begin_exactly_from_t-0.mp4,video,/mnt/data/ATLAS_ZERO_ENTERPRISE_RC1_ALPHA_1_8/workspace/projects/franklin/03_Video/hailuo-2_3_cool_color_The_uploaded_image_is_the_exact_reference_frame._Begin_exactly_from_t-0.mp4,slow push-in,dissolve,assigned
18,00:01:38.909,00:01:44.727,5.82,B01,Erebus и Terror входят в ледяную пустоту,ship ice video,isolation,hailuo-2_3_cool_color_The_uploaded_image_is_the_exact_reference_frame._Begin_exactly_from_t-0.mp4,video,/mnt/data/ATLAS_ZERO_ENTERPRISE_RC1_ALPHA_1_8/workspace/projects/franklin/03_Video/hailuo-2_3_cool_color_The_uploaded_image_is_the_exact_reference_frame._Begin_exactly_from_t-0.mp4,slow push-in,dissolve,assigned
19,00:01:44.727,00:01:50.545,5.82,B01,Erebus и Terror входят в ледяную пустоту,ship ice video,isolation,hailuo-2_3_cool_color_The_uploaded_image_is_the_exact_visual_reference._Create_an_ultra_pho-0 (1).mp4,video,/mnt/data/ATLAS_ZERO_ENTERPRISE_RC1_ALPHA_1_8/workspace/projects/franklin/03_Video/hailuo-2_3_cool_color_The_uploaded_image_is_the_exact_visual_reference._Create_an_ultra_pho-0 (1).mp4,slow push-in,dissolve,assigned
20,00:01:50.545,00:01:56.364,5.82,B01,Erebus и Terror входят в ледяную пустоту,ship ice video,isolation,hailuo-2_3_cool_color_The_uploaded_image_is_the_exact_visual_reference._Create_an_ultra_pho-0 (1).mp4,video,/mnt/data/ATLAS_ZERO_ENTERPRISE_RC1_ALPHA_1_8/workspace/projects/franklin/03_Video/hailuo-2_3_cool_color_The_uploaded_image_is_the_exact_visual_reference._Create_an_ultra_pho-0 (1).mp4,slow push-in,dissolve,assigned
21,00:01:56.364,00:02:02.182,5.82,B01,Erebus и Terror входят в ледяную пустоту,ship ice video,isolation,hailuo-2_3_cool_color_The_uploaded_image_is_the_exact_visual_reference._Create_an_ultra_pho-0 (1).mp4,video,/mnt/data/ATLAS_ZERO_ENTERPRISE_RC1_ALPHA_1_8/workspace/projects/franklin/03_Video/hailuo-2_3_cool_color_The_uploaded_image_is_the_exact_visual_reference._Create_an_ultra_pho-0 (1).mp4,slow push-in,dissolve,assigned
22,00:02:02.182,00:02:08.000,5.82,B01,Erebus и Terror входят в ледяную пустоту,ship ice video,isolation,hailuo-2_3_cool_color_The_uploaded_image_is_the_exact_visual_reference._Create_an_ultra_pho-0 (1).mp4,video,/mnt/data/ATLAS_ZERO_ENTERPRISE_RC1_ALPHA_1_8/workspace/projects/franklin/03_Video/hailuo-2_3_cool_color_The_uploaded_image_is_the_exact_visual_reference._Create_an_ultra_pho-0 (1).mp4,slow push-in,dissolve,assigned
23,00:02:08.000,00:02:13.818,5.82,B01,Erebus и Terror входят в ледяную пустоту,ship ice video,isolation,hailuo-2_3_cool_color_The_uploaded_image_is_the_exact_visual_reference_and_must_be_preserve-0.mp4,video,/mnt/data/ATLAS_ZERO_ENTERPRISE_RC1_ALPHA_1_8/workspace/projects/franklin/03_Video/hailuo-2_3_cool_color_The_uploaded_image_is_the_exact_visual_reference_and_must_be_preserve-0.mp4,slow push-in,dissolve,assigned
24,00:02:13.818,00:02:19.635,5.82,B01,Erebus и Terror входят в ледяную пустоту,ship ice video,isolation,hailuo-2_3_cool_color_The_uploaded_image_is_the_exact_visual_reference_and_must_be_preserve-0.mp4,video,/mnt/data/ATLAS_ZERO_ENTERPRISE_RC1_ALPHA_1_8/workspace/projects/franklin/03_Video/hailuo-2_3_cool_color_The_uploaded_image_is_the_exact_visual_reference_and_must_be_preserve-0.mp4,slow push-in,dissolve,assigned
25,00:02:19.635,00:02:25.455,5.82,B01,Erebus и Terror входят в ледяную пустоту,ship ice video,isolation,hailuo-2_3_cool_color_The_uploaded_image_is_the_exact_visual_reference_and_must_be_preserve-0.mp4,video,/mnt/data/ATLAS_ZERO_ENTERPRISE_RC1_ALPHA_1_8/workspace/projects/franklin/03_Video/hailuo-2_3_cool_color_The_uploaded_image_is_the_exact_visual_reference_and_must_be_preserve-0.mp4,slow push-in,dissolve,assigned
26,00:02:25.455,00:02:31.272,5.82,B01,Erebus и Terror входят в ледяную пустоту,ship ice video,isolation,hailuo-2_3_cool_color_The_uploaded_image_is_the_exact_visual_reference_and_must_be_preserve-0.mp4,video,/mnt/data/ATLAS_ZERO_ENTERPRISE_RC1_ALPHA_1_8/workspace/projects/franklin/03_Video/hailuo-2_3_cool_color_The_uploaded_image_is_the_exact_visual_reference_and_must_be_preserve-0.mp4,slow push-in,dissolve,assigned
27,00:02:31.272,00:02:37.091,5.82,B01,Erebus и Terror входят в ледяную пустоту,ship ice video,isolation,S01_SH01_Arctic_Aerial_Master.jpg,image,/mnt/data/ATLAS_ZERO_ENTERPRISE_RC1_ALPHA_1_8/workspace/projects/franklin/02_Images/S01_SH01_Arctic_Aerial_Master.jpg,slow push-in,dissolve,assigned
28,00:02:37.091,00:02:42.908,5.82,B01,Erebus и Terror входят в ледяную пустоту,ship ice video,isolation,S01_SH01_Arctic_Aerial_Master.jpg,image,/mnt/data/ATLAS_ZERO_ENTERPRISE_RC1_ALPHA_1_8/workspace/projects/franklin/02_Images/S01_SH01_Arctic_Aerial_Master.jpg,slow push-in,dissolve,assigned
29,00:02:42.908,00:02:48.727,5.82,B01,Люди и командование экспедиции,crew captain deck,human,S01_SH04_Crew_Commander.jpg,image,/mnt/data/ATLAS_ZERO_ENTERPRISE_RC1_ALPHA_1_8/workspace/projects/franklin/02_Images/S01_SH04_Crew_Commander.jpg,slow push-in,dissolve,assigned
30,00:02:48.727,00:02:54.544,5.82,B01,Люди и командование экспедиции,crew captain deck,human,S01_SH04_Crew_Commander.jpg,image,/mnt/data/ATLAS_ZERO_ENTERPRISE_RC1_ALPHA_1_8/workspace/projects/franklin/02_Images/S01_SH04_Crew_Commander.jpg,slow push-in,dissolve,assigned
31,00:02:54.544,00:03:00.364,5.82,B01,Люди и командование экспедиции,crew captain deck,human,S01_SH04_Crew_Commander.jpg,image,/mnt/data/ATLAS_ZERO_ENTERPRISE_RC1_ALPHA_1_8/workspace/projects/franklin/02_Images/S01_SH04_Crew_Commander.jpg,slow push-in,dissolve,assigned
32,00:03:00.364,00:03:06.181,5.82,B01,Люди и командование экспедиции,crew captain deck,human,S01_SH04_Crew_Commander.jpg,image,/mnt/data/ATLAS_ZERO_ENTERPRISE_RC1_ALPHA_1_8/workspace/projects/franklin/02_Images/S01_SH04_Crew_Commander.jpg,slow push-in,dissolve,assigned
33,00:03:06.181,00:03:12.000,5.82,B01,Люди и командование экспедиции,crew captain deck,human,S01_SH05_Crew_Working.jpg,image,/mnt/data/ATLAS_ZERO_ENTERPRISE_RC1_ALPHA_1_8/workspace/projects/franklin/02_Images/S01_SH05_Crew_Working.jpg,slow push-in,dissolve,assigned
34,00:03:12.000,00:03:17.818,5.82,B01,Люди и командование экспедиции,crew captain deck,human,S01_SH05_Crew_Working.jpg,image,/mnt/data/ATLAS_ZERO_ENTERPRISE_RC1_ALPHA_1_8/workspace/projects/franklin/02_Images/S01_SH05_Crew_Working.jpg,slow push-in,dissolve,assigned
35,00:03:17.818,00:03:23.635,5.82,B01,Люди и командование экспедиции,crew captain deck,human,S01_SH05_Crew_Working.jpg,image,/mnt/data/ATLAS_ZERO_ENTERPRISE_RC1_ALPHA_1_8/workspace/projects/franklin/02_Images/S01_SH05_Crew_Working.jpg,slow push-in,dissolve,assigned
36,00:03:23.635,00:03:29.455,5.82,B01,Люди и командование экспедиции,crew captain deck,human,S01_SH05_Crew_Working.jpg,image,/mnt/data/ATLAS_ZERO_ENTERPRISE_RC1_ALPHA_1_8/workspace/projects/franklin/02_Images/S01_SH05_Crew_Working.jpg,slow push-in,dissolve,assigned
37,00:03:29.455,00:03:35.272,5.82,B01,Люди и командование экспедиции,crew captain deck,human,S01_SH06_Deck_Detail.jpg,image,/mnt/data/ATLAS_ZERO_ENTERPRISE_RC1_ALPHA_1_8/workspace/projects/franklin/02_Images/S01_SH06_Deck_Detail.jpg,slow push-in,dissolve,assigned
38,00:03:35.272,00:03:41.091,5.82,B01,Люди и командование экспедиции,crew captain deck,human,S01_SH06_Deck_Detail.jpg,image,/mnt/data/ATLAS_ZERO_ENTERPRISE_RC1_ALPHA_1_8/workspace/projects/franklin/02_Images/S01_SH06_Deck_Detail.jpg,slow push-in,dissolve,assigned
39,00:03:41.091,00:03:46.908,5.82,B01,Люди и командование экспедиции,crew captain deck,human,S01_SH06_Deck_Detail.jpg,image,/mnt/data/ATLAS_ZERO_ENTERPRISE_RC1_ALPHA_1_8/workspace/projects/franklin/02_Images/S01_SH06_Deck_Detail.jpg,slow push-in,dissolve,assigned
40,00:03:46.908,00:03:52.727,5.82,B01,Люди и командование экспедиции,crew captain deck,human,S01_SH06_Deck_Detail.jpg,image,/mnt/data/ATLAS_ZERO_ENTERPRISE_RC1_ALPHA_1_8/workspace/projects/franklin/02_Images/S01_SH06_Deck_Detail.jpg,slow push-in,dissolve,assigned
41,00:03:52.727,00:03:58.544,5.82,B01,Люди и командование экспедиции,crew captain deck,human,S01_SH02_Erebus_Terror_Master.jpg,image,/mnt/data/ATLAS_ZERO_ENTERPRISE_RC1_ALPHA_1_8/workspace/projects/franklin/02_Images/S01_SH02_Erebus_Terror_Master.jpg,slow push-in,dissolve,assigned
42,00:03:58.544,00:04:04.364,5.82,B01,Люди и командование экспедиции,crew captain deck,human,S01_SH02_Erebus_Terror_Master.jpg,image,/mnt/data/ATLAS_ZERO_ENTERPRISE_RC1_ALPHA_1_8/workspace/projects/franklin/02_Images/S01_SH02_Erebus_Terror_Master.jpg,slow push-in,dissolve,assigned
43,00:04:04.364,00:04:10.181,5.82,B02,Поиски и архивные следы,archive map search,investigation,S01_SH02_Erebus_Terror_Master.jpg,image,/mnt/data/ATLAS_ZERO_ENTERPRISE_RC1_ALPHA_1_8/workspace/projects/franklin/02_Images/S01_SH02_Erebus_Terror_Master.jpg,slow push-in,dissolve,assigned
44,00:04:10.181,00:04:16.000,5.82,B02,Поиски и архивные следы,archive map search,investigation,S01_SH02_Erebus_Terror_Master.jpg,image,/mnt/data/ATLAS_ZERO_ENTERPRISE_RC1_ALPHA_1_8/workspace/projects/franklin/02_Images/S01_SH02_Erebus_Terror_Master.jpg,slow push-in,dissolve,assigned
45,00:04:16.000,00:04:21.817,5.82,B02,Поиски и архивные следы,archive map search,investigation,СОЗДАТЬ,,,slow push-in,dissolve,missing
46,00:04:21.817,00:04:27.636,5.82,B02,Поиски и архивные следы,archive map search,investigation,СОЗДАТЬ,,,slow push-in,dissolve,missing
47,00:04:27.636,00:04:33.454,5.82,B02,Поиски и архивные следы,archive map search,investigation,СОЗДАТЬ,,,slow push-in,dissolve,missing
48,00:04:33.454,00:04:39.273,5.82,B02,Поиски и архивные следы,archive map search,investigation,СОЗДАТЬ,,,slow push-in,dissolve,missing
49,00:04:39.273,00:04:45.091,5.82,B02,Поиски и архивные следы,archive map search,investigation,СОЗДАТЬ,,,slow push-in,dissolve,missing
50,00:04:45.091,00:04:50.908,5.82,B02,Поиски и архивные следы,archive map search,investigation,СОЗДАТЬ,,,slow push-in,dissolve,missing
51,00:04:50.908,00:04:56.726,5.82,B02,Поиски и архивные следы,archive map search,investigation,СОЗДАТЬ,,,slow push-in,dissolve,missing
52,00:04:56.726,00:05:02.545,5.82,B02,Поиски и архивные следы,archive map search,investigation,СОЗДАТЬ,,,slow push-in,dissolve,missing
53,00:05:02.545,00:05:08.363,5.82,B02,Поиски и архивные следы,archive map search,investigation,СОЗДАТЬ,,,slow push-in,dissolve,missing
54,00:05:08.363,00:05:14.182,5.82,B02,Поиски и архивные следы,archive map search,investigation,СОЗДАТЬ,,,slow push-in,dissolve,missing
55,00:05:14.182,00:05:20.000,5.82,B02,Поиски и архивные следы,archive map search,investigation,СОЗДАТЬ,,,slow push-in,dissolve,missing
56,00:05:20.000,00:05:25.817,5.82,B02,Остров Бичи и первые могилы,ice camp grave archive,threat,S01_SH01_Arctic_Aerial_Master.jpg,image,/mnt/data/ATLAS_ZERO_ENTERPRISE_RC1_ALPHA_1_8/workspace/projects/franklin/02_Images/S01_SH01_Arctic_Aerial_Master.jpg,slow push-in,dissolve,assigned
57,00:05:25.817,00:05:31.636,5.82,B02,Остров Бичи и первые могилы,ice camp grave archive,threat,S01_SH01_Arctic_Aerial_Master.jpg,image,/mnt/data/ATLAS_ZERO_ENTERPRISE_RC1_ALPHA_1_8/workspace/projects/franklin/02_Images/S01_SH01_Arctic_Aerial_Master.jpg,slow push-in,dissolve,assigned
58,00:05:31.636,00:05:37.454,5.82,B02,Остров Бичи и первые могилы,ice camp grave archive,threat,S01_SH01_Arctic_Aerial_Master.jpg,image,/mnt/data/ATLAS_ZERO_ENTERPRISE_RC1_ALPHA_1_8/workspace/projects/franklin/02_Images/S01_SH01_Arctic_Aerial_Master.jpg,slow push-in,dissolve,assigned
59,00:05:37.454,00:05:43.273,5.82,B02,Остров Бичи и первые могилы,ice camp grave archive,threat,S01_SH01_Arctic_Aerial_Master.jpg,image,/mnt/data/ATLAS_ZERO_ENTERPRISE_RC1_ALPHA_1_8/workspace/projects/franklin/02_Images/S01_SH01_Arctic_Aerial_Master.jpg,slow push-in,dissolve,assigned
60,00:05:43.273,00:05:49.091,5.82,B02,Остров Бичи и первые могилы,ice camp grave archive,threat,S01_SH01_Arctic_Aerial_Master.jpg,image,/mnt/data/ATLAS_ZERO_ENTERPRISE_RC1_ALPHA_1_8/workspace/projects/franklin/02_Images/S01_SH01_Arctic_Aerial_Master.jpg,slow push-in,dissolve,assigned
61,00:05:49.091,00:05:54.908,5.82,B02,Остров Бичи и первые могилы,ice camp grave archive,threat,S01_SH01_Arctic_Aerial_Master.jpg,image,/mnt/data/ATLAS_ZERO_ENTERPRISE_RC1_ALPHA_1_8/workspace/projects/franklin/02_Images/S01_SH01_Arctic_Aerial_Master.jpg,slow push-in,dissolve,assigned
62,00:05:54.908,00:06:00.726,5.82,B02,Остров Бичи и первые могилы,ice camp grave archive,threat,S01_SH01_Arctic_Aerial_Master.jpg,image,/mnt/data/ATLAS_ZERO_ENTERPRISE_RC1_ALPHA_1_8/workspace/projects/franklin/02_Images/S01_SH01_Arctic_Aerial_Master.jpg,slow push-in,dissolve,assigned
63,00:06:00.726,00:06:06.545,5.82,B02,Остров Бичи и первые могилы,ice camp grave archive,threat,S01_SH01_Arctic_Aerial_Master.jpg,image,/mnt/data/ATLAS_ZERO_ENTERPRISE_RC1_ALPHA_1_8/workspace/projects/franklin/02_Images/S01_SH01_Arctic_Aerial_Master.jpg,slow push-in,dissolve,assigned
64,00:06:06.545,00:06:12.363,5.82,B02,Остров Бичи и первые могилы,ice camp grave archive,threat,S01_SH01_Arctic_Aerial_Master.jpg,image,/mnt/data/ATLAS_ZERO_ENTERPRISE_RC1_ALPHA_1_8/workspace/projects/franklin/02_Images/S01_SH01_Arctic_Aerial_Master.jpg,slow push-in,dissolve,assigned
65,00:06:12.363,00:06:18.182,5.82,B02,Остров Бичи и первые могилы,ice camp grave archive,threat,S01_SH01_Arctic_Aerial_Master.jpg,image,/mnt/data/ATLAS_ZERO_ENTERPRISE_RC1_ALPHA_1_8/workspace/projects/franklin/02_Images/S01_SH01_Arctic_Aerial_Master.jpg,slow push-in,dissolve,assigned
66,00:06:18.182,00:06:24.000,5.82,B02,Остров Бичи и первые могилы,ice camp grave archive,threat,S01_SH01_Arctic_Aerial_Master.jpg,image,/mnt/data/ATLAS_ZERO_ENTERPRISE_RC1_ALPHA_1_8/workspace/projects/franklin/02_Images/S01_SH01_Arctic_Aerial_Master.jpg,slow push-in,dissolve,assigned
67,00:06:24.000,00:06:29.817,5.82,B02,Остров Бичи и первые могилы,ice camp grave archive,threat,S01_SH01_Arctic_Aerial_Master.jpg,image,/mnt/data/ATLAS_ZERO_ENTERPRISE_RC1_ALPHA_1_8/workspace/projects/franklin/02_Images/S01_SH01_Arctic_Aerial_Master.jpg,slow push-in,dissolve,assigned
68,00:06:29.817,00:06:35.636,5.82,B02,Остров Бичи и первые могилы,ice camp grave archive,threat,S01_SH01_Arctic_Aerial_Master.jpg,image,/mnt/data/ATLAS_ZERO_ENTERPRISE_RC1_ALPHA_1_8/workspace/projects/franklin/02_Images/S01_SH01_Arctic_Aerial_Master.jpg,slow push-in,dissolve,assigned
69,00:06:35.636,00:06:41.454,5.82,B02,Остров Бичи и первые могилы,ice camp grave archive,threat,S01_SH01_Arctic_Aerial_Master.jpg,image,/mnt/data/ATLAS_ZERO_ENTERPRISE_RC1_ALPHA_1_8/workspace/projects/franklin/02_Images/S01_SH01_Arctic_Aerial_Master.jpg,slow push-in,dissolve,assigned
70,00:06:41.454,00:06:47.273,5.82,B03,Записка меняет понимание катастрофы,document note map,investigation,СОЗДАТЬ,,,slow push-in,dissolve,missing
71,00:06:47.273,00:06:53.091,5.82,B03,Записка меняет понимание катастрофы,document note map,investigation,СОЗДАТЬ,,,slow push-in,dissolve,missing
72,00:06:53.091,00:06:58.908,5.82,B03,Записка меняет понимание катастрофы,document note map,investigation,СОЗДАТЬ,,,slow push-in,dissolve,missing
73,00:06:58.908,00:07:04.726,5.82,B03,Записка меняет понимание катастрофы,document note map,investigation,СОЗДАТЬ,,,slow push-in,dissolve,missing
74,00:07:04.726,00:07:10.545,5.82,B03,Записка меняет понимание катастрофы,document note map,investigation,СОЗДАТЬ,,,slow push-in,dissolve,missing
75,00:07:10.545,00:07:16.363,5.82,B03,Записка меняет понимание катастрофы,document note map,investigation,СОЗДАТЬ,,,slow push-in,dissolve,missing
76,00:07:16.363,00:07:22.182,5.82,B03,Записка меняет понимание катастрофы,document note map,investigation,СОЗДАТЬ,,,slow push-in,dissolve,missing
77,00:07:22.182,00:07:28.000,5.82,B03,Записка меняет понимание катастрофы,document note map,investigation,СОЗДАТЬ,,,slow push-in,dissolve,missing
78,00:07:28.000,00:07:33.817,5.82,B03,Записка меняет понимание катастрофы,document note map,investigation,СОЗДАТЬ,,,slow push-in,dissolve,missing
79,00:07:33.817,00:07:39.636,5.82,B03,Записка меняет понимание катастрофы,document note map,investigation,СОЗДАТЬ,,,slow push-in,dissolve,missing
80,00:07:39.636,00:07:45.454,5.82,B03,Записка меняет понимание катастрофы,document note map,investigation,СОЗДАТЬ,,,slow push-in,dissolve,missing
81,00:07:45.454,00:07:51.273,5.82,B03,Записка меняет понимание катастрофы,document note map,investigation,СОЗДАТЬ,,,slow push-in,dissolve,missing
82,00:07:51.273,00:07:57.091,5.82,B03,Записка меняет понимание катастрофы,document note map,investigation,СОЗДАТЬ,,,slow push-in,dissolve,missing
83,00:07:57.091,00:08:02.908,5.82,B03,Записка меняет понимание катастрофы,document note map,investigation,СОЗДАТЬ,,,slow push-in,dissolve,missing
84,00:08:02.908,00:08:08.726,5.82,B04,Шлюпка и странный груз,boat object ice,threat,S01_SH01_Arctic_Aerial_Master.jpg,image,/mnt/data/ATLAS_ZERO_ENTERPRISE_RC1_ALPHA_1_8/workspace/projects/franklin/02_Images/S01_SH01_Arctic_Aerial_Master.jpg,slow push-in,dissolve,assigned
85,00:08:08.726,00:08:14.545,5.82,B04,Шлюпка и странный груз,boat object ice,threat,S01_SH01_Arctic_Aerial_Master.jpg,image,/mnt/data/ATLAS_ZERO_ENTERPRISE_RC1_ALPHA_1_8/workspace/projects/franklin/02_Images/S01_SH01_Arctic_Aerial_Master.jpg,slow push-in,dissolve,assigned
86,00:08:14.545,00:08:20.363,5.82,B04,Шлюпка и странный груз,boat object ice,threat,S01_SH01_Arctic_Aerial_Master.jpg,image,/mnt/data/ATLAS_ZERO_ENTERPRISE_RC1_ALPHA_1_8/workspace/projects/franklin/02_Images/S01_SH01_Arctic_Aerial_Master.jpg,slow push-in,dissolve,assigned
87,00:08:20.363,00:08:26.182,5.82,B04,Шлюпка и странный груз,boat object ice,threat,S01_SH01_Arctic_Aerial_Master.jpg,image,/mnt/data/ATLAS_ZERO_ENTERPRISE_RC1_ALPHA_1_8/workspace/projects/franklin/02_Images/S01_SH01_Arctic_Aerial_Master.jpg,slow push-in,dissolve,assigned
88,00:08:26.182,00:08:32.000,5.82,B04,Шлюпка и странный груз,boat object ice,threat,S01_SH01_Arctic_Aerial_Master.jpg,image,/mnt/data/ATLAS_ZERO_ENTERPRISE_RC1_ALPHA_1_8/workspace/projects/franklin/02_Images/S01_SH01_Arctic_Aerial_Master.jpg,slow push-in,dissolve,assigned
89,00:08:32.000,00:08:37.817,5.82,B04,Шлюпка и странный груз,boat object ice,threat,S01_SH01_Arctic_Aerial_Master.jpg,image,/mnt/data/ATLAS_ZERO_ENTERPRISE_RC1_ALPHA_1_8/workspace/projects/franklin/02_Images/S01_SH01_Arctic_Aerial_Master.jpg,slow push-in,dissolve,assigned
90,00:08:37.817,00:08:43.635,5.82,B04,Шлюпка и странный груз,boat object ice,threat,S01_SH01_Arctic_Aerial_Master.jpg,image,/mnt/data/ATLAS_ZERO_ENTERPRISE_RC1_ALPHA_1_8/workspace/projects/franklin/02_Images/S01_SH01_Arctic_Aerial_Master.jpg,slow push-in,dissolve,assigned
91,00:08:43.635,00:08:49.455,5.82,B04,Шлюпка и странный груз,boat object ice,threat,S01_SH01_Arctic_Aerial_Master.jpg,image,/mnt/data/ATLAS_ZERO_ENTERPRISE_RC1_ALPHA_1_8/workspace/projects/franklin/02_Images/S01_SH01_Arctic_Aerial_Master.jpg,slow push-in,dissolve,assigned
92,00:08:49.455,00:08:55.273,5.82,B04,Шлюпка и странный груз,boat object ice,threat,S01_SH01_Arctic_Aerial_Master.jpg,image,/mnt/data/ATLAS_ZERO_ENTERPRISE_RC1_ALPHA_1_8/workspace/projects/franklin/02_Images/S01_SH01_Arctic_Aerial_Master.jpg,slow push-in,dissolve,assigned
93,00:08:55.273,00:09:01.091,5.82,B04,Шлюпка и странный груз,boat object ice,threat,S01_SH01_Arctic_Aerial_Master.jpg,image,/mnt/data/ATLAS_ZERO_ENTERPRISE_RC1_ALPHA_1_8/workspace/projects/franklin/02_Images/S01_SH01_Arctic_Aerial_Master.jpg,slow push-in,dissolve,assigned
94,00:09:01.091,00:09:06.908,5.82,B04,Шлюпка и странный груз,boat object ice,threat,S01_SH01_Arctic_Aerial_Master.jpg,image,/mnt/data/ATLAS_ZERO_ENTERPRISE_RC1_ALPHA_1_8/workspace/projects/franklin/02_Images/S01_SH01_Arctic_Aerial_Master.jpg,slow push-in,dissolve,assigned
95,00:09:06.908,00:09:12.726,5.82,B04,Шлюпка и странный груз,boat object ice,threat,S01_SH01_Arctic_Aerial_Master.jpg,image,/mnt/data/ATLAS_ZERO_ENTERPRISE_RC1_ALPHA_1_8/workspace/projects/franklin/02_Images/S01_SH01_Arctic_Aerial_Master.jpg,slow push-in,dissolve,assigned
96,00:09:12.726,00:09:18.544,5.82,B04,Шлюпка и странный груз,boat object ice,threat,S01_SH01_Arctic_Aerial_Master.jpg,image,/mnt/data/ATLAS_ZERO_ENTERPRISE_RC1_ALPHA_1_8/workspace/projects/franklin/02_Images/S01_SH01_Arctic_Aerial_Master.jpg,slow push-in,dissolve,assigned
97,00:09:18.544,00:09:24.364,5.82,B04,Шлюпка и странный груз,boat object ice,threat,S01_SH01_Arctic_Aerial_Master.jpg,image,/mnt/data/ATLAS_ZERO_ENTERPRISE_RC1_ALPHA_1_8/workspace/projects/franklin/02_Images/S01_SH01_Arctic_Aerial_Master.jpg,slow push-in,dissolve,assigned
98,00:09:24.364,00:09:30.182,5.82,B04,Кости и спорные улики,bones archive lab,threat,S01_SH01_Arctic_Aerial_Master.jpg,image,/mnt/data/ATLAS_ZERO_ENTERPRISE_RC1_ALPHA_1_8/workspace/projects/franklin/02_Images/S01_SH01_Arctic_Aerial_Master.jpg,slow push-in,dissolve,assigned
99,00:09:30.182,00:09:36.000,5.82,B04,Кости и спорные улики,bones archive lab,threat,S01_SH01_Arctic_Aerial_Master.jpg,image,/mnt/data/ATLAS_ZERO_ENTERPRISE_RC1_ALPHA_1_8/workspace/projects/franklin/02_Images/S01_SH01_Arctic_Aerial_Master.jpg,slow push-in,dissolve,assigned
100,00:09:36.000,00:09:41.817,5.82,B04,Кости и спорные улики,bones archive lab,threat,S01_SH01_Arctic_Aerial_Master.jpg,image,/mnt/data/ATLAS_ZERO_ENTERPRISE_RC1_ALPHA_1_8/workspace/projects/franklin/02_Images/S01_SH01_Arctic_Aerial_Master.jpg,slow push-in,dissolve,assigned
101,00:09:41.817,00:09:47.635,5.82,B04,Кости и спорные улики,bones archive lab,threat,S01_SH01_Arctic_Aerial_Master.jpg,image,/mnt/data/ATLAS_ZERO_ENTERPRISE_RC1_ALPHA_1_8/workspace/projects/franklin/02_Images/S01_SH01_Arctic_Aerial_Master.jpg,slow push-in,dissolve,assigned
102,00:09:47.635,00:09:53.455,5.82,B04,Кости и спорные улики,bones archive lab,threat,S01_SH01_Arctic_Aerial_Master.jpg,image,/mnt/data/ATLAS_ZERO_ENTERPRISE_RC1_ALPHA_1_8/workspace/projects/franklin/02_Images/S01_SH01_Arctic_Aerial_Master.jpg,slow push-in,dissolve,assigned
103,00:09:53.455,00:09:59.273,5.82,B04,Кости и спорные улики,bones archive lab,threat,S01_SH01_Arctic_Aerial_Master.jpg,image,/mnt/data/ATLAS_ZERO_ENTERPRISE_RC1_ALPHA_1_8/workspace/projects/franklin/02_Images/S01_SH01_Arctic_Aerial_Master.jpg,slow push-in,dissolve,assigned
104,00:09:59.273,00:10:05.091,5.82,B04,Кости и спорные улики,bones archive lab,threat,S01_SH01_Arctic_Aerial_Master.jpg,image,/mnt/data/ATLAS_ZERO_ENTERPRISE_RC1_ALPHA_1_8/workspace/projects/franklin/02_Images/S01_SH01_Arctic_Aerial_Master.jpg,slow push-in,dissolve,assigned
105,00:10:05.091,00:10:10.908,5.82,B04,Кости и спорные улики,bones archive lab,threat,S01_SH01_Arctic_Aerial_Master.jpg,image,/mnt/data/ATLAS_ZERO_ENTERPRISE_RC1_ALPHA_1_8/workspace/projects/franklin/02_Images/S01_SH01_Arctic_Aerial_Master.jpg,slow push-in,dissolve,assigned
106,00:10:10.908,00:10:16.726,5.82,B04,Кости и спорные улики,bones archive lab,threat,S01_SH01_Arctic_Aerial_Master.jpg,image,/mnt/data/ATLAS_ZERO_ENTERPRISE_RC1_ALPHA_1_8/workspace/projects/franklin/02_Images/S01_SH01_Arctic_Aerial_Master.jpg,slow push-in,dissolve,assigned
107,00:10:16.726,00:10:22.544,5.82,B04,Кости и спорные улики,bones archive lab,threat,S01_SH01_Arctic_Aerial_Master.jpg,image,/mnt/data/ATLAS_ZERO_ENTERPRISE_RC1_ALPHA_1_8/workspace/projects/franklin/02_Images/S01_SH01_Arctic_Aerial_Master.jpg,slow push-in,dissolve,assigned
108,00:10:22.544,00:10:28.364,5.82,B04,Кости и спорные улики,bones archive lab,threat,S01_SH01_Arctic_Aerial_Master.jpg,image,/mnt/data/ATLAS_ZERO_ENTERPRISE_RC1_ALPHA_1_8/workspace/projects/franklin/02_Images/S01_SH01_Arctic_Aerial_Master.jpg,slow push-in,dissolve,assigned
109,00:10:28.364,00:10:34.182,5.82,B04,Кости и спорные улики,bones archive lab,threat,S01_SH01_Arctic_Aerial_Master.jpg,image,/mnt/data/ATLAS_ZERO_ENTERPRISE_RC1_ALPHA_1_8/workspace/projects/franklin/02_Images/S01_SH01_Arctic_Aerial_Master.jpg,slow push-in,dissolve,assigned
110,00:10:34.182,00:10:40.000,5.82,B04,Кости и спорные улики,bones archive lab,threat,S01_SH01_Arctic_Aerial_Master.jpg,image,/mnt/data/ATLAS_ZERO_ENTERPRISE_RC1_ALPHA_1_8/workspace/projects/franklin/02_Images/S01_SH01_Arctic_Aerial_Master.jpg,slow push-in,dissolve,assigned
111,00:10:40.000,00:10:45.817,5.82,B05,Наука входит в расследование,lab dna archive,investigation,S01_SH01_Arctic_Aerial_Master.jpg,image,/mnt/data/ATLAS_ZERO_ENTERPRISE_RC1_ALPHA_1_8/workspace/projects/franklin/02_Images/S01_SH01_Arctic_Aerial_Master.jpg,slow push-in,dissolve,assigned
112,00:10:45.817,00:10:51.635,5.82,B05,Наука входит в расследование,lab dna archive,investigation,S01_SH01_Arctic_Aerial_Master.jpg,image,/mnt/data/ATLAS_ZERO_ENTERPRISE_RC1_ALPHA_1_8/workspace/projects/franklin/02_Images/S01_SH01_Arctic_Aerial_Master.jpg,slow push-in,dissolve,assigned
113,00:10:51.635,00:10:57.455,5.82,B05,Наука входит в расследование,lab dna archive,investigation,S01_SH01_Arctic_Aerial_Master.jpg,image,/mnt/data/ATLAS_ZERO_ENTERPRISE_RC1_ALPHA_1_8/workspace/projects/franklin/02_Images/S01_SH01_Arctic_Aerial_Master.jpg,slow push-in,dissolve,assigned
114,00:10:57.455,00:11:03.273,5.82,B05,Наука входит в расследование,lab dna archive,investigation,S01_SH01_Arctic_Aerial_Master.jpg,image,/mnt/data/ATLAS_ZERO_ENTERPRISE_RC1_ALPHA_1_8/workspace/projects/franklin/02_Images/S01_SH01_Arctic_Aerial_Master.jpg,slow push-in,dissolve,assigned
115,00:11:03.273,00:11:09.091,5.82,B05,Наука входит в расследование,lab dna archive,investigation,S01_SH01_Arctic_Aerial_Master.jpg,image,/mnt/data/ATLAS_ZERO_ENTERPRISE_RC1_ALPHA_1_8/workspace/projects/franklin/02_Images/S01_SH01_Arctic_Aerial_Master.jpg,slow push-in,dissolve,assigned
116,00:11:09.091,00:11:14.908,5.82,B05,Наука входит в расследование,lab dna archive,investigation,S01_SH01_Arctic_Aerial_Master.jpg,image,/mnt/data/ATLAS_ZERO_ENTERPRISE_RC1_ALPHA_1_8/workspace/projects/franklin/02_Images/S01_SH01_Arctic_Aerial_Master.jpg,slow push-in,dissolve,assigned
117,00:11:14.908,00:11:20.726,5.82,B05,Наука входит в расследование,lab dna archive,investigation,S01_SH01_Arctic_Aerial_Master.jpg,image,/mnt/data/ATLAS_ZERO_ENTERPRISE_RC1_ALPHA_1_8/workspace/projects/franklin/02_Images/S01_SH01_Arctic_Aerial_Master.jpg,slow push-in,dissolve,assigned
118,00:11:20.726,00:11:26.544,5.82,B05,Наука входит в расследование,lab dna archive,investigation,S01_SH01_Arctic_Aerial_Master.jpg,image,/mnt/data/ATLAS_ZERO_ENTERPRISE_RC1_ALPHA_1_8/workspace/projects/franklin/02_Images/S01_SH01_Arctic_Aerial_Master.jpg,slow push-in,dissolve,assigned
119,00:11:26.544,00:11:32.364,5.82,B05,Наука входит в расследование,lab dna archive,investigation,S01_SH01_Arctic_Aerial_Master.jpg,image,/mnt/data/ATLAS_ZERO_ENTERPRISE_RC1_ALPHA_1_8/workspace/projects/franklin/02_Images/S01_SH01_Arctic_Aerial_Master.jpg,slow push-in,dissolve,assigned
120,00:11:32.364,00:11:38.182,5.82,B05,Наука входит в расследование,lab dna archive,investigation,S01_SH01_Arctic_Aerial_Master.jpg,image,/mnt/data/ATLAS_ZERO_ENTERPRISE_RC1_ALPHA_1_8/workspace/projects/franklin/02_Images/S01_SH01_Arctic_Aerial_Master.jpg,slow push-in,dissolve,assigned
121,00:11:38.182,00:11:44.000,5.82,B05,Наука входит в расследование,lab dna archive,investigation,S01_SH01_Arctic_Aerial_Master.jpg,image,/mnt/data/ATLAS_ZERO_ENTERPRISE_RC1_ALPHA_1_8/workspace/projects/franklin/02_Images/S01_SH01_Arctic_Aerial_Master.jpg,slow push-in,dissolve,assigned
122,00:11:44.000,00:11:49.817,5.82,B05,Наука входит в расследование,lab dna archive,investigation,S01_SH01_Arctic_Aerial_Master.jpg,image,/mnt/data/ATLAS_ZERO_ENTERPRISE_RC1_ALPHA_1_8/workspace/projects/franklin/02_Images/S01_SH01_Arctic_Aerial_Master.jpg,slow push-in,dissolve,assigned
123,00:11:49.817,00:11:55.635,5.82,B05,Наука входит в расследование,lab dna archive,investigation,S01_SH01_Arctic_Aerial_Master.jpg,image,/mnt/data/ATLAS_ZERO_ENTERPRISE_RC1_ALPHA_1_8/workspace/projects/franklin/02_Images/S01_SH01_Arctic_Aerial_Master.jpg,slow push-in,dissolve,assigned
124,00:11:55.635,00:12:01.455,5.82,B05,Наука входит в расследование,lab dna archive,investigation,S01_SH01_Arctic_Aerial_Master.jpg,image,/mnt/data/ATLAS_ZERO_ENTERPRISE_RC1_ALPHA_1_8/workspace/projects/franklin/02_Images/S01_SH01_Arctic_Aerial_Master.jpg,slow push-in,dissolve,assigned
125,00:12:01.455,00:12:07.273,5.82,B05,Версия свинца и новая наука,lab can archive,investigation,S01_SH01_Arctic_Aerial_Master.jpg,image,/mnt/data/ATLAS_ZERO_ENTERPRISE_RC1_ALPHA_1_8/workspace/projects/franklin/02_Images/S01_SH01_Arctic_Aerial_Master.jpg,slow push-in,dissolve,assigned
126,00:12:07.273,00:12:13.091,5.82,B05,Версия свинца и новая наука,lab can archive,investigation,S01_SH01_Arctic_Aerial_Master.jpg,image,/mnt/data/ATLAS_ZERO_ENTERPRISE_RC1_ALPHA_1_8/workspace/projects/franklin/02_Images/S01_SH01_Arctic_Aerial_Master.jpg,slow push-in,dissolve,assigned
127,00:12:13.091,00:12:18.908,5.82,B05,Версия свинца и новая наука,lab can archive,investigation,S01_SH01_Arctic_Aerial_Master.jpg,image,/mnt/data/ATLAS_ZERO_ENTERPRISE_RC1_ALPHA_1_8/workspace/projects/franklin/02_Images/S01_SH01_Arctic_Aerial_Master.jpg,slow push-in,dissolve,assigned
128,00:12:18.908,00:12:24.726,5.82,B05,Версия свинца и новая наука,lab can archive,investigation,S01_SH01_Arctic_Aerial_Master.jpg,image,/mnt/data/ATLAS_ZERO_ENTERPRISE_RC1_ALPHA_1_8/workspace/projects/franklin/02_Images/S01_SH01_Arctic_Aerial_Master.jpg,slow push-in,dissolve,assigned
129,00:12:24.726,00:12:30.544,5.82,B05,Версия свинца и новая наука,lab can archive,investigation,S01_SH01_Arctic_Aerial_Master.jpg,image,/mnt/data/ATLAS_ZERO_ENTERPRISE_RC1_ALPHA_1_8/workspace/projects/franklin/02_Images/S01_SH01_Arctic_Aerial_Master.jpg,slow push-in,dissolve,assigned
130,00:12:30.544,00:12:36.364,5.82,B05,Версия свинца и новая наука,lab can archive,investigation,S01_SH01_Arctic_Aerial_Master.jpg,image,/mnt/data/ATLAS_ZERO_ENTERPRISE_RC1_ALPHA_1_8/workspace/projects/franklin/02_Images/S01_SH01_Arctic_Aerial_Master.jpg,slow push-in,dissolve,assigned
131,00:12:36.364,00:12:42.182,5.82,B05,Версия свинца и новая наука,lab can archive,investigation,S01_SH01_Arctic_Aerial_Master.jpg,image,/mnt/data/ATLAS_ZERO_ENTERPRISE_RC1_ALPHA_1_8/workspace/projects/franklin/02_Images/S01_SH01_Arctic_Aerial_Master.jpg,slow push-in,dissolve,assigned
132,00:12:42.182,00:12:48.000,5.82,B05,Версия свинца и новая наука,lab can archive,investigation,S01_SH01_Arctic_Aerial_Master.jpg,image,/mnt/data/ATLAS_ZERO_ENTERPRISE_RC1_ALPHA_1_8/workspace/projects/franklin/02_Images/S01_SH01_Arctic_Aerial_Master.jpg,slow push-in,dissolve,assigned
133,00:12:48.000,00:12:53.817,5.82,B05,Версия свинца и новая наука,lab can archive,investigation,S01_SH01_Arctic_Aerial_Master.jpg,image,/mnt/data/ATLAS_ZERO_ENTERPRISE_RC1_ALPHA_1_8/workspace/projects/franklin/02_Images/S01_SH01_Arctic_Aerial_Master.jpg,slow push-in,dissolve,assigned
134,00:12:53.817,00:12:59.635,5.82,B05,Версия свинца и новая наука,lab can archive,investigation,S01_SH01_Arctic_Aerial_Master.jpg,image,/mnt/data/ATLAS_ZERO_ENTERPRISE_RC1_ALPHA_1_8/workspace/projects/franklin/02_Images/S01_SH01_Arctic_Aerial_Master.jpg,slow push-in,dissolve,assigned
135,00:12:59.635,00:13:05.455,5.82,B05,Версия свинца и новая наука,lab can archive,investigation,S01_SH01_Arctic_Aerial_Master.jpg,image,/mnt/data/ATLAS_ZERO_ENTERPRISE_RC1_ALPHA_1_8/workspace/projects/franklin/02_Images/S01_SH01_Arctic_Aerial_Master.jpg,slow push-in,dissolve,assigned
136,00:13:05.455,00:13:11.273,5.82,B05,Версия свинца и новая наука,lab can archive,investigation,S01_SH01_Arctic_Aerial_Master.jpg,image,/mnt/data/ATLAS_ZERO_ENTERPRISE_RC1_ALPHA_1_8/workspace/projects/franklin/02_Images/S01_SH01_Arctic_Aerial_Master.jpg,slow push-in,dissolve,assigned
137,00:13:11.273,00:13:17.091,5.82,B05,Версия свинца и новая наука,lab can archive,investigation,S01_SH01_Arctic_Aerial_Master.jpg,image,/mnt/data/ATLAS_ZERO_ENTERPRISE_RC1_ALPHA_1_8/workspace/projects/franklin/02_Images/S01_SH01_Arctic_Aerial_Master.jpg,slow push-in,dissolve,assigned
138,00:13:17.091,00:13:22.908,5.82,B05,Версия свинца и новая наука,lab can archive,investigation,S01_SH01_Arctic_Aerial_Master.jpg,image,/mnt/data/ATLAS_ZERO_ENTERPRISE_RC1_ALPHA_1_8/workspace/projects/franklin/02_Images/S01_SH01_Arctic_Aerial_Master.jpg,slow push-in,dissolve,assigned
139,00:13:22.908,00:13:28.726,5.82,B06,Современные поиски кораблей,ship sonar underwater map,investigation,S01_SH01_Arctic_Aerial_Master.jpg,image,/mnt/data/ATLAS_ZERO_ENTERPRISE_RC1_ALPHA_1_8/workspace/projects/franklin/02_Images/S01_SH01_Arctic_Aerial_Master.jpg,slow push-in,dissolve,assigned
140,00:13:28.726,00:13:34.544,5.82,B06,Современные поиски кораблей,ship sonar underwater map,investigation,S01_SH01_Arctic_Aerial_Master.jpg,image,/mnt/data/ATLAS_ZERO_ENTERPRISE_RC1_ALPHA_1_8/workspace/projects/franklin/02_Images/S01_SH01_Arctic_Aerial_Master.jpg,slow push-in,dissolve,assigned
141,00:13:34.544,00:13:40.364,5.82,B06,Современные поиски кораблей,ship sonar underwater map,investigation,S01_SH01_Arctic_Aerial_Master.jpg,image,/mnt/data/ATLAS_ZERO_ENTERPRISE_RC1_ALPHA_1_8/workspace/projects/franklin/02_Images/S01_SH01_Arctic_Aerial_Master.jpg,slow push-in,dissolve,assigned
142,00:13:40.364,00:13:46.182,5.82,B06,Современные поиски кораблей,ship sonar underwater map,investigation,S01_SH01_Arctic_Aerial_Master.jpg,image,/mnt/data/ATLAS_ZERO_ENTERPRISE_RC1_ALPHA_1_8/workspace/projects/franklin/02_Images/S01_SH01_Arctic_Aerial_Master.jpg,slow push-in,dissolve,assigned
143,00:13:46.182,00:13:52.000,5.82,B06,Современные поиски кораблей,ship sonar underwater map,investigation,S01_SH01_Arctic_Aerial_Master.jpg,image,/mnt/data/ATLAS_ZERO_ENTERPRISE_RC1_ALPHA_1_8/workspace/projects/franklin/02_Images/S01_SH01_Arctic_Aerial_Master.jpg,slow push-in,dissolve,assigned
144,00:13:52.000,00:13:57.817,5.82,B06,Современные поиски кораблей,ship sonar underwater map,investigation,S01_SH01_Arctic_Aerial_Master.jpg,image,/mnt/data/ATLAS_ZERO_ENTERPRISE_RC1_ALPHA_1_8/workspace/projects/franklin/02_Images/S01_SH01_Arctic_Aerial_Master.jpg,slow push-in,dissolve,assigned
145,00:13:57.817,00:14:03.635,5.82,B06,Современные поиски кораблей,ship sonar underwater map,investigation,S01_SH01_Arctic_Aerial_Master.jpg,image,/mnt/data/ATLAS_ZERO_ENTERPRISE_RC1_ALPHA_1_8/workspace/projects/franklin/02_Images/S01_SH01_Arctic_Aerial_Master.jpg,slow push-in,dissolve,assigned
146,00:14:03.635,00:14:09.455,5.82,B06,Современные поиски кораблей,ship sonar underwater map,investigation,S01_SH01_Arctic_Aerial_Master.jpg,image,/mnt/data/ATLAS_ZERO_ENTERPRISE_RC1_ALPHA_1_8/workspace/projects/franklin/02_Images/S01_SH01_Arctic_Aerial_Master.jpg,slow push-in,dissolve,assigned
147,00:14:09.455,00:14:15.273,5.82,B06,Современные поиски кораблей,ship sonar underwater map,investigation,S01_SH01_Arctic_Aerial_Master.jpg,image,/mnt/data/ATLAS_ZERO_ENTERPRISE_RC1_ALPHA_1_8/workspace/projects/franklin/02_Images/S01_SH01_Arctic_Aerial_Master.jpg,slow push-in,dissolve,assigned
148,00:14:15.273,00:14:21.091,5.82,B06,Современные поиски кораблей,ship sonar underwater map,investigation,S01_SH01_Arctic_Aerial_Master.jpg,image,/mnt/data/ATLAS_ZERO_ENTERPRISE_RC1_ALPHA_1_8/workspace/projects/franklin/02_Images/S01_SH01_Arctic_Aerial_Master.jpg,slow push-in,dissolve,assigned
149,00:14:21.091,00:14:26.908,5.82,B06,Современные поиски кораблей,ship sonar underwater map,investigation,S01_SH01_Arctic_Aerial_Master.jpg,image,/mnt/data/ATLAS_ZERO_ENTERPRISE_RC1_ALPHA_1_8/workspace/projects/franklin/02_Images/S01_SH01_Arctic_Aerial_Master.jpg,slow push-in,dissolve,assigned
150,00:14:26.908,00:14:32.726,5.82,B06,Современные поиски кораблей,ship sonar underwater map,investigation,S01_SH01_Arctic_Aerial_Master.jpg,image,/mnt/data/ATLAS_ZERO_ENTERPRISE_RC1_ALPHA_1_8/workspace/projects/franklin/02_Images/S01_SH01_Arctic_Aerial_Master.jpg,slow push-in,dissolve,assigned
151,00:14:32.726,00:14:38.544,5.82,B06,Современные поиски кораблей,ship sonar underwater map,investigation,S01_SH01_Arctic_Aerial_Master.jpg,image,/mnt/data/ATLAS_ZERO_ENTERPRISE_RC1_ALPHA_1_8/workspace/projects/franklin/02_Images/S01_SH01_Arctic_Aerial_Master.jpg,slow push-in,dissolve,assigned
152,00:14:38.544,00:14:44.364,5.82,B06,Современные поиски кораблей,ship sonar underwater map,investigation,S01_SH01_Arctic_Aerial_Master.jpg,image,/mnt/data/ATLAS_ZERO_ENTERPRISE_RC1_ALPHA_1_8/workspace/projects/franklin/02_Images/S01_SH01_Arctic_Aerial_Master.jpg,slow push-in,dissolve,assigned
153,00:14:44.364,00:14:50.182,5.82,B06,Финал и открытые вопросы,ice ship empty horizon,isolation,S01_SH01_Arctic_Aerial_Master.jpg,image,/mnt/data/ATLAS_ZERO_ENTERPRISE_RC1_ALPHA_1_8/workspace/projects/franklin/02_Images/S01_SH01_Arctic_Aerial_Master.jpg,slow push-in,dissolve,assigned
154,00:14:50.182,00:14:56.000,5.82,B06,Финал и открытые вопросы,ice ship empty horizon,isolation,S01_SH01_Arctic_Aerial_Master.jpg,image,/mnt/data/ATLAS_ZERO_ENTERPRISE_RC1_ALPHA_1_8/workspace/projects/franklin/02_Images/S01_SH01_Arctic_Aerial_Master.jpg,slow push-in,dissolve,assigned
155,00:14:56.000,00:15:01.817,5.82,B06,Финал и открытые вопросы,ice ship empty horizon,isolation,S01_SH01_Arctic_Aerial_Master.jpg,image,/mnt/data/ATLAS_ZERO_ENTERPRISE_RC1_ALPHA_1_8/workspace/projects/franklin/02_Images/S01_SH01_Arctic_Aerial_Master.jpg,slow push-in,dissolve,assigned
156,00:15:01.817,00:15:07.635,5.82,B06,Финал и открытые вопросы,ice ship empty horizon,isolation,S01_SH01_Arctic_Aerial_Master.jpg,image,/mnt/data/ATLAS_ZERO_ENTERPRISE_RC1_ALPHA_1_8/workspace/projects/franklin/02_Images/S01_SH01_Arctic_Aerial_Master.jpg,slow push-in,dissolve,assigned
157,00:15:07.635,00:15:13.455,5.82,B06,Финал и открытые вопросы,ice ship empty horizon,isolation,S01_SH01_Arctic_Aerial_Master.jpg,image,/mnt/data/ATLAS_ZERO_ENTERPRISE_RC1_ALPHA_1_8/workspace/projects/franklin/02_Images/S01_SH01_Arctic_Aerial_Master.jpg,slow push-in,dissolve,assigned
158,00:15:13.455,00:15:19.273,5.82,B06,Финал и открытые вопросы,ice ship empty horizon,isolation,S01_SH01_Arctic_Aerial_Master.jpg,image,/mnt/data/ATLAS_ZERO_ENTERPRISE_RC1_ALPHA_1_8/workspace/projects/franklin/02_Images/S01_SH01_Arctic_Aerial_Master.jpg,slow push-in,dissolve,assigned
159,00:15:19.273,00:15:25.091,5.82,B06,Финал и открытые вопросы,ice ship empty horizon,isolation,S01_SH01_Arctic_Aerial_Master.jpg,image,/mnt/data/ATLAS_ZERO_ENTERPRISE_RC1_ALPHA_1_8/workspace/projects/franklin/02_Images/S01_SH01_Arctic_Aerial_Master.jpg,slow push-in,dissolve,assigned
160,00:15:25.091,00:15:30.908,5.82,B06,Финал и открытые вопросы,ice ship empty horizon,isolation,S01_SH01_Arctic_Aerial_Master.jpg,image,/mnt/data/ATLAS_ZERO_ENTERPRISE_RC1_ALPHA_1_8/workspace/projects/franklin/02_Images/S01_SH01_Arctic_Aerial_Master.jpg,slow push-in,dissolve,assigned
161,00:15:30.908,00:15:36.726,5.82,B06,Финал и открытые вопросы,ice ship empty horizon,isolation,S01_SH01_Arctic_Aerial_Master.jpg,image,/mnt/data/ATLAS_ZERO_ENTERPRISE_RC1_ALPHA_1_8/workspace/projects/franklin/02_Images/S01_SH01_Arctic_Aerial_Master.jpg,slow push-in,dissolve,assigned
162,00:15:36.726,00:15:42.544,5.82,B06,Финал и открытые вопросы,ice ship empty horizon,isolation,S01_SH01_Arctic_Aerial_Master.jpg,image,/mnt/data/ATLAS_ZERO_ENTERPRISE_RC1_ALPHA_1_8/workspace/projects/franklin/02_Images/S01_SH01_Arctic_Aerial_Master.jpg,slow push-in,dissolve,assigned
163,00:15:42.544,00:15:48.364,5.82,B06,Финал и открытые вопросы,ice ship empty horizon,isolation,S01_SH01_Arctic_Aerial_Master.jpg,image,/mnt/data/ATLAS_ZERO_ENTERPRISE_RC1_ALPHA_1_8/workspace/projects/franklin/02_Images/S01_SH01_Arctic_Aerial_Master.jpg,slow push-in,dissolve,assigned
164,00:15:48.364,00:15:54.182,5.82,B06,Финал и открытые вопросы,ice ship empty horizon,isolation,S01_SH01_Arctic_Aerial_Master.jpg,image,/mnt/data/ATLAS_ZERO_ENTERPRISE_RC1_ALPHA_1_8/workspace/projects/franklin/02_Images/S01_SH01_Arctic_Aerial_Master.jpg,slow push-in,dissolve,assigned
165,00:15:54.182,00:16:00.000,5.82,B06,Финал и открытые вопросы,ice ship empty horizon,isolation,S01_SH01_Arctic_Aerial_Master.jpg,image,/mnt/data/ATLAS_ZERO_ENTERPRISE_RC1_ALPHA_1_8/workspace/projects/franklin/02_Images/S01_SH01_Arctic_Aerial_Master.jpg,slow push-in,dissolve,assigned
