№,Начало,Конец,Блок,Статус,Материал,Тип,Смысл,Визуальная задача,Камера,Переход,Решение ИИ
1,00:00.00,00:06.24,B01,assigned,S01_SH01_Arctic_Aerial_Master.jpg,image,"Холодный факт исчезновения. Открыть фильм не справкой, а последствиями катастрофы.",ice detail,slow push-in,fade from black,"Выбран материал 'S01_SH01_Arctic_Aerial_Master.jpg' для потребности 'ice detail'. Совпадение по тегам/эмоции, качество=0.87. Использований=1"
2,00:06.24,00:12.47,B01,assigned,S01_SH01_Arctic_Aerial_Master.jpg,image,"Холодный факт исчезновения. Открыть фильм не справкой, а последствиями катастрофы.",artifact close,macro drift,cut,"Выбран материал 'S01_SH01_Arctic_Aerial_Master.jpg' для потребности 'artifact close'. Совпадение по тегам/эмоции, качество=0.87. Использований=2"
3,00:12.47,00:18.71,B01,assigned,S01_SH01_Arctic_Aerial_Master.jpg,image,"Холодный факт исчезновения. Открыть фильм не справкой, а последствиями катастрофы.",note close,fade from black,cut,"Выбран материал 'S01_SH01_Arctic_Aerial_Master.jpg' для потребности 'note close'. Совпадение по тегам/эмоции, качество=0.87. Использований=3"
4,00:18.71,00:24.95,B01,assigned,S01_SH01_Arctic_Aerial_Master.jpg,image,"Холодный факт исчезновения. Открыть фильм не справкой, а последствиями катастрофы.",arctic wide,slow push-in,cut,"Выбран материал 'S01_SH01_Arctic_Aerial_Master.jpg' для потребности 'arctic wide'. Совпадение по тегам/эмоции, качество=0.87. Использований=4"
5,00:24.95,00:31.18,B01,assigned,S01_SH06_Deck_Detail.jpg,image,"Холодный факт исчезновения. Открыть фильм не справкой, а последствиями катастрофы.",ice detail,macro drift,cut,"Выбран материал 'S01_SH06_Deck_Detail.jpg' для потребности 'ice detail'. Совпадение по тегам/эмоции, качество=0.63. Использований=1"
6,00:31.18,00:37.42,B01,assigned,S01_SH02_Erebus_Terror_Master.jpg,image,"Холодный факт исчезновения. Открыть фильм не справкой, а последствиями катастрофы.",artifact close,fade from black,soft dissolve,"Выбран материал 'S01_SH02_Erebus_Terror_Master.jpg' для потребности 'artifact close'. Совпадение по тегам/эмоции, качество=0.71. Использований=1"
7,00:37.42,00:43.03,B01,assigned,S01_SH02_Erebus_Terror_Master.jpg,image,Экспедиция входит в Арктику. Показать два корабля как героев фильма и изоляцию в ледовом пространстве.,ship ice wide,slow drone,dissolve,"Выбран материал 'S01_SH02_Erebus_Terror_Master.jpg' для потребности 'ship ice wide'. Совпадение по тегам/эмоции, качество=0.71. Использований=2"
8,00:43.03,00:48.65,B01,assigned,S01_SH02_Erebus_Terror_Master.jpg,image,Экспедиция входит в Арктику. Показать два корабля как героев фильма и изоляцию в ледовом пространстве.,ship ice video,dolly forward,cut,"Выбран материал 'S01_SH02_Erebus_Terror_Master.jpg' для потребности 'ship ice video'. Совпадение по тегам/эмоции, качество=0.71. Использований=3"
9,00:48.65,00:54.26,B01,assigned,S01_SH02_Erebus_Terror_Master.jpg,image,Экспедиция входит в Арктику. Показать два корабля как героев фильма и изоляцию в ледовом пространстве.,drone arctic,slow pan,cut,"Выбран материал 'S01_SH02_Erebus_Terror_Master.jpg' для потребности 'drone arctic'. Совпадение по тегам/эмоции, качество=0.71. Использований=4"
10,00:54.26,00:59.87,B01,assigned,franklin_video_01.mp4,video,Экспедиция входит в Арктику. Показать два корабля как героев фильма и изоляцию в ледовом пространстве.,hull ice,slow drone,cut,"Выбран материал 'franklin_video_01.mp4' для потребности 'hull ice'. Совпадение по тегам/эмоции, качество=0.71. Использований=1"
11,00:59.87,01:05.49,B01,assigned,S01_SH01_Arctic_Aerial_Master.jpg,image,Экспедиция входит в Арктику. Показать два корабля как героев фильма и изоляцию в ледовом пространстве.,ship ice wide,dolly forward,cut,"Выбран материал 'S01_SH01_Arctic_Aerial_Master.jpg' для потребности 'ship ice wide'. Совпадение по тегам/эмоции, качество=0.87. Использований=5"
12,01:05.49,01:11.10,B01,assigned,franklin_video_01.mp4,video,Экспедиция входит в Арктику. Показать два корабля как героев фильма и изоляцию в ледовом пространстве.,ship ice video,slow pan,cut,"Выбран материал 'franklin_video_01.mp4' для потребности 'ship ice video'. Совпадение по тегам/эмоции, качество=0.71. Использований=2"
13,01:11.10,01:16.71,B01,assigned,franklin_video_01.mp4,video,Экспедиция входит в Арктику. Показать два корабля как героев фильма и изоляцию в ледовом пространстве.,drone arctic,slow drone,cut,"Выбран материал 'franklin_video_01.mp4' для потребности 'drone arctic'. Совпадение по тегам/эмоции, качество=0.71. Использований=3"
14,01:16.71,01:22.33,B01,assigned,franklin_video_01.mp4,video,Экспедиция входит в Арктику. Показать два корабля как героев фильма и изоляцию в ледовом пространстве.,hull ice,dolly forward,cut,"Выбран материал 'franklin_video_01.mp4' для потребности 'hull ice'. Совпадение по тегам/эмоции, качество=0.71. Использований=4"
15,01:22.33,01:27.94,B01,assigned,S01_SH01_Arctic_Aerial_Master.jpg,image,Экспедиция входит в Арктику. Показать два корабля как героев фильма и изоляцию в ледовом пространстве.,ship ice wide,slow pan,cut,"Выбран материал 'S01_SH01_Arctic_Aerial_Master.jpg' для потребности 'ship ice wide'. Совпадение по тегам/эмоции, качество=0.87. Использований=6"
16,01:27.94,01:33.55,B01,assigned,franklin_video_02.mp4,video,Экспедиция входит в Арктику. Показать два корабля как героев фильма и изоляцию в ледовом пространстве.,ship ice video,slow drone,soft dissolve,"Выбран материал 'franklin_video_02.mp4' для потребности 'ship ice video'. Совпадение по тегам/эмоции, качество=0.71. Использований=1"
17,01:33.55,01:39.15,B01,assigned,franklin_video_02.mp4,video,"Люди на кораблях. Перевести масштаб экспедиции к людям, команде и командованию.",crew captain deck,slow track,dissolve,"Выбран материал 'franklin_video_02.mp4' для потребности 'crew captain deck'. Совпадение по тегам/эмоции, качество=0.71. Использований=2"
18,01:39.15,01:44.75,B01,assigned,S01_SH05_Crew_Working.jpg,image,"Люди на кораблях. Перевести масштаб экспедиции к людям, команде и командованию.",crew working,handheld subtle,cut,"Выбран материал 'S01_SH05_Crew_Working.jpg' для потребности 'crew working'. Совпадение по тегам/эмоции, качество=0.63. Использований=1"
19,01:44.75,01:50.34,B01,assigned,franklin_video_02.mp4,video,"Люди на кораблях. Перевести масштаб экспедиции к людям, команде и командованию.",rigging ice,push-in,cut,"Выбран материал 'franklin_video_02.mp4' для потребности 'rigging ice'. Совпадение по тегам/эмоции, качество=0.71. Использований=3"
20,01:50.34,01:55.94,B01,assigned,S01_SH06_Deck_Detail.jpg,image,"Люди на кораблях. Перевести масштаб экспедиции к людям, команде и командованию.",deck detail,slow track,cut,"Выбран материал 'S01_SH06_Deck_Detail.jpg' для потребности 'deck detail'. Совпадение по тегам/эмоции, качество=0.63. Использований=2"
21,01:55.94,02:01.54,B01,assigned,franklin_video_02.mp4,video,"Люди на кораблях. Перевести масштаб экспедиции к людям, команде и командованию.",crew captain deck,handheld subtle,cut,"Выбран материал 'franklin_video_02.mp4' для потребности 'crew captain deck'. Совпадение по тегам/эмоции, качество=0.71. Использований=4"
22,02:01.54,02:07.14,B01,assigned,S01_SH05_Crew_Working.jpg,image,"Люди на кораблях. Перевести масштаб экспедиции к людям, команде и командованию.",crew working,push-in,cut,"Выбран материал 'S01_SH05_Crew_Working.jpg' для потребности 'crew working'. Совпадение по тегам/эмоции, качество=0.63. Использований=2"
23,02:07.14,02:12.73,B01,assigned,franklin_video_03.mp4,video,"Люди на кораблях. Перевести масштаб экспедиции к людям, команде и командованию.",rigging ice,slow track,cut,"Выбран материал 'franklin_video_03.mp4' для потребности 'rigging ice'. Совпадение по тегам/эмоции, качество=0.71. Использований=1"
24,02:12.73,02:18.33,B01,assigned,S01_SH06_Deck_Detail.jpg,image,"Люди на кораблях. Перевести масштаб экспедиции к людям, команде и командованию.",deck detail,handheld subtle,cut,"Выбран материал 'S01_SH06_Deck_Detail.jpg' для потребности 'deck detail'. Совпадение по тегам/эмоции, качество=0.63. Использований=3"
25,02:18.33,02:23.93,B01,assigned,franklin_video_03.mp4,video,"Люди на кораблях. Перевести масштаб экспедиции к людям, команде и командованию.",crew captain deck,push-in,soft dissolve,"Выбран материал 'franklin_video_03.mp4' для потребности 'crew captain deck'. Совпадение по тегам/эмоции, качество=0.71. Использований=2"
26,02:23.93,02:29.50,B02,assigned,franklin_video_03.mp4,video,"Первые годы молчания. Показать, что тревога возникла поздно и время было потеряно.",archive document,paper reveal,dissolve,"Выбран материал 'franklin_video_03.mp4' для потребности 'archive document'. Совпадение по тегам/эмоции, качество=0.71. Использований=3"
27,02:29.50,02:35.08,B02,assigned,franklin_video_03.mp4,video,"Первые годы молчания. Показать, что тревога возникла поздно и время было потеряно.",map search,map pan,cut,"Выбран материал 'franklin_video_03.mp4' для потребности 'map search'. Совпадение по тегам/эмоции, качество=0.71. Использований=4"
28,02:35.08,02:40.66,B02,assigned,S01_SH01_Arctic_Aerial_Master.jpg,image,"Первые годы молчания. Показать, что тревога возникла поздно и время было потеряно.",ship ice wide,dissolve,cut,"Выбран материал 'S01_SH01_Arctic_Aerial_Master.jpg' для потребности 'ship ice wide'. Совпадение по тегам/эмоции, качество=0.87. Использований=7"
29,02:40.66,02:46.24,B02,assigned,S01_SH04_Crew_Commander.jpg,image,"Первые годы молчания. Показать, что тревога возникла поздно и время было потеряно.",journal close,paper reveal,cut,"Выбран материал 'S01_SH04_Crew_Commander.jpg' для потребности 'journal close'. Совпадение по тегам/эмоции, качество=0.63. Использований=1"
30,02:46.24,02:51.81,B02,assigned,S01_SH04_Crew_Commander.jpg,image,"Первые годы молчания. Показать, что тревога возникла поздно и время было потеряно.",archive document,map pan,cut,"Выбран материал 'S01_SH04_Crew_Commander.jpg' для потребности 'archive document'. Совпадение по тегам/эмоции, качество=0.63. Использований=2"
31,02:51.81,02:57.39,B02,assigned,S01_SH04_Crew_Commander.jpg,image,"Первые годы молчания. Показать, что тревога возникла поздно и время было потеряно.",map search,dissolve,cut,"Выбран материал 'S01_SH04_Crew_Commander.jpg' для потребности 'map search'. Совпадение по тегам/эмоции, качество=0.63. Использований=3"
32,02:57.39,03:02.97,B02,assigned,S01_SH01_Arctic_Aerial_Master.jpg,image,"Первые годы молчания. Показать, что тревога возникла поздно и время было потеряно.",ship ice wide,paper reveal,cut,"Выбран материал 'S01_SH01_Arctic_Aerial_Master.jpg' для потребности 'ship ice wide'. Совпадение по тегам/эмоции, качество=0.87. Использований=8"
33,03:02.97,03:08.55,B02,assigned,S01_SH04_Crew_Commander.jpg,image,"Первые годы молчания. Показать, что тревога возникла поздно и время было потеряно.",journal close,map pan,soft dissolve,"Выбран материал 'S01_SH04_Crew_Commander.jpg' для потребности 'journal close'. Совпадение по тегам/эмоции, качество=0.63. Использований=4"
34,03:08.55,03:14.12,B02,assigned,S01_SH05_Crew_Working.jpg,image,Джейн Франклин и поиски. Показать личную настойчивость как двигатель расследования.,archive portrait,slow push-in,dissolve,"Выбран материал 'S01_SH05_Crew_Working.jpg' для потребности 'archive portrait'. Совпадение по тегам/эмоции, качество=0.63. Использований=3"
35,03:14.12,03:19.70,B02,assigned,S01_SH05_Crew_Working.jpg,image,Джейн Франклин и поиски. Показать личную настойчивость как двигатель расследования.,letter document,map trace,cut,"Выбран материал 'S01_SH05_Crew_Working.jpg' для потребности 'letter document'. Совпадение по тегам/эмоции, качество=0.63. Использований=4"
36,03:19.70,03:25.28,B02,assigned,S01_SH06_Deck_Detail.jpg,image,Джейн Франклин и поиски. Показать личную настойчивость как двигатель расследования.,map routes,dissolve,cut,"Выбран материал 'S01_SH06_Deck_Detail.jpg' для потребности 'map routes'. Совпадение по тегам/эмоции, качество=0.63. Использований=4"
37,03:25.28,03:30.85,B02,assigned,S01_SH01_Arctic_Aerial_Master.jpg,image,Джейн Франклин и поиски. Показать личную настойчивость как двигатель расследования.,search ship,slow push-in,cut,"Выбран материал 'S01_SH01_Arctic_Aerial_Master.jpg' для потребности 'search ship'. Совпадение по тегам/эмоции, качество=0.87. Использований=9"
38,03:30.85,03:36.43,B02,missing,СОЗДАТЬ,,Джейн Франклин и поиски. Показать личную настойчивость как двигатель расследования.,archive portrait,map trace,cut,Подходящий материал не найден. Создать через генерацию.
39,03:36.43,03:42.01,B02,missing,СОЗДАТЬ,,Джейн Франклин и поиски. Показать личную настойчивость как двигатель расследования.,letter document,dissolve,cut,Подходящий материал не найден. Создать через генерацию.
40,03:42.01,03:47.59,B02,missing,СОЗДАТЬ,,Джейн Франклин и поиски. Показать личную настойчивость как двигатель расследования.,map routes,slow push-in,cut,Подходящий материал не найден. Создать через генерацию.
41,03:47.59,03:53.16,B02,assigned,S01_SH01_Arctic_Aerial_Master.jpg,image,Джейн Франклин и поиски. Показать личную настойчивость как двигатель расследования.,search ship,map trace,soft dissolve,"Выбран материал 'S01_SH01_Arctic_Aerial_Master.jpg' для потребности 'search ship'. Совпадение по тегам/эмоции, качество=0.87. Использований=10"
42,03:53.16,03:59.72,B02,assigned,S01_SH01_Arctic_Aerial_Master.jpg,image,"Остров Бичи. Остров Бичи меняет понимание: катастрофа ещё не началась, но первые смерти уже есть.",ice camp grave,slow pullback,dissolve,"Выбран материал 'S01_SH01_Arctic_Aerial_Master.jpg' для потребности 'ice camp grave'. Совпадение по тегам/эмоции, качество=0.87. Использований=11"
43,03:59.72,04:06.28,B02,missing,СОЗДАТЬ,,"Остров Бичи. Остров Бичи меняет понимание: катастрофа ещё не началась, но первые смерти уже есть.",grave marker,static hold,cut,Подходящий материал не найден. Создать через генерацию.
44,04:06.28,04:12.83,B02,missing,СОЗДАТЬ,,"Остров Бичи. Остров Бичи меняет понимание: катастрофа ещё не началась, но первые смерти уже есть.",can archive,cold dissolve,cut,Подходящий материал не найден. Создать через генерацию.
45,04:12.83,04:19.39,B02,assigned,S01_SH01_Arctic_Aerial_Master.jpg,image,"Остров Бичи. Остров Бичи меняет понимание: катастрофа ещё не началась, но первые смерти уже есть.",arctic coast,slow pullback,cut,"Выбран материал 'S01_SH01_Arctic_Aerial_Master.jpg' для потребности 'arctic coast'. Совпадение по тегам/эмоции, качество=0.87. Использований=12"
46,04:19.39,04:25.95,B02,assigned,S01_SH01_Arctic_Aerial_Master.jpg,image,"Остров Бичи. Остров Бичи меняет понимание: катастрофа ещё не началась, но первые смерти уже есть.",ice camp grave,static hold,cut,"Выбран материал 'S01_SH01_Arctic_Aerial_Master.jpg' для потребности 'ice camp grave'. Совпадение по тегам/эмоции, качество=0.87. Использований=13"
47,04:25.95,04:32.50,B02,missing,СОЗДАТЬ,,"Остров Бичи. Остров Бичи меняет понимание: катастрофа ещё не началась, но первые смерти уже есть.",grave marker,cold dissolve,cut,Подходящий материал не найден. Создать через генерацию.
48,04:32.50,04:39.06,B02,missing,СОЗДАТЬ,,"Остров Бичи. Остров Бичи меняет понимание: катастрофа ещё не началась, но первые смерти уже есть.",can archive,slow pullback,cut,Подходящий материал не найден. Создать через генерацию.
49,04:39.06,04:45.62,B02,assigned,S01_SH01_Arctic_Aerial_Master.jpg,image,"Остров Бичи. Остров Бичи меняет понимание: катастрофа ещё не началась, но первые смерти уже есть.",arctic coast,static hold,cut,"Выбран материал 'S01_SH01_Arctic_Aerial_Master.jpg' для потребности 'arctic coast'. Совпадение по тегам/эмоции, качество=0.87. Использований=14"
50,04:45.62,04:52.17,B02,assigned,S01_SH01_Arctic_Aerial_Master.jpg,image,"Остров Бичи. Остров Бичи меняет понимание: катастрофа ещё не началась, но первые смерти уже есть.",ice camp grave,cold dissolve,soft dissolve,"Выбран материал 'S01_SH01_Arctic_Aerial_Master.jpg' для потребности 'ice camp grave'. Совпадение по тегам/эмоции, качество=0.87. Использований=15"
51,04:52.17,04:57.79,B03,missing,СОЗДАТЬ,,Находка записки. Подвести к главному письменному документу экспедиции.,document note close,macro push,dissolve,Подходящий материал не найден. Создать через генерацию.
52,04:57.79,05:03.40,B03,missing,СОЗДАТЬ,,Находка записки. Подвести к главному письменному документу экспедиции.,stone cairn,paper unfold,cut,Подходящий материал не найден. Создать через генерацию.
53,05:03.40,05:09.01,B03,missing,СОЗДАТЬ,,Находка записки. Подвести к главному письменному документу экспедиции.,metal cylinder,hold,cut,Подходящий материал не найден. Создать через генерацию.
54,05:09.01,05:14.63,B03,missing,СОЗДАТЬ,,Находка записки. Подвести к главному письменному документу экспедиции.,paper reveal,macro push,cut,Подходящий материал не найден. Создать через генерацию.
55,05:14.63,05:20.24,B03,missing,СОЗДАТЬ,,Находка записки. Подвести к главному письменному документу экспедиции.,document note close,paper unfold,cut,Подходящий материал не найден. Создать через генерацию.
56,05:20.24,05:25.85,B03,missing,СОЗДАТЬ,,Находка записки. Подвести к главному письменному документу экспедиции.,stone cairn,hold,cut,Подходящий материал не найден. Создать через генерацию.
57,05:25.85,05:31.47,B03,missing,СОЗДАТЬ,,Находка записки. Подвести к главному письменному документу экспедиции.,metal cylinder,macro push,cut,Подходящий материал не найден. Создать через генерацию.
58,05:31.47,05:37.08,B03,missing,СОЗДАТЬ,,Находка записки. Подвести к главному письменному документу экспедиции.,paper reveal,paper unfold,cut,Подходящий материал не найден. Создать через генерацию.
59,05:37.08,05:42.69,B03,missing,СОЗДАТЬ,,Находка записки. Подвести к главному письменному документу экспедиции.,document note close,hold,cut,Подходящий материал не найден. Создать через генерацию.
60,05:42.69,05:48.31,B03,missing,СОЗДАТЬ,,Находка записки. Подвести к главному письменному документу экспедиции.,stone cairn,macro push,soft dissolve,Подходящий материал не найден. Создать через генерацию.
61,05:48.31,05:55.02,B03,missing,СОЗДАТЬ,,Две записи на одном листе. Показать смену смысла: от благополучной записи к сообщению о смерти и уходе.,document note map,slow scan,dissolve,Подходящий материал не найден. Создать через генерацию.
62,05:55.02,06:01.74,B03,missing,СОЗДАТЬ,,Две записи на одном листе. Показать смену смысла: от благополучной записи к сообщению о смерти и уходе.,document text,date reveal,cut,Подходящий материал не найден. Создать через генерацию.
63,06:01.74,06:08.46,B03,missing,СОЗДАТЬ,,Две записи на одном листе. Показать смену смысла: от благополучной записи к сообщению о смерти и уходе.,map route,map move,cut,Подходящий материал не найден. Создать через генерацию.
64,06:08.46,06:15.17,B03,assigned,S01_SH01_Arctic_Aerial_Master.jpg,image,Две записи на одном листе. Показать смену смысла: от благополучной записи к сообщению о смерти и уходе.,ship trapped,slow scan,cut,"Выбран материал 'S01_SH01_Arctic_Aerial_Master.jpg' для потребности 'ship trapped'. Совпадение по тегам/эмоции, качество=0.87. Использований=16"
65,06:15.17,06:21.89,B03,missing,СОЗДАТЬ,,Две записи на одном листе. Показать смену смысла: от благополучной записи к сообщению о смерти и уходе.,document note map,date reveal,cut,Подходящий материал не найден. Создать через генерацию.
66,06:21.89,06:28.61,B03,missing,СОЗДАТЬ,,Две записи на одном листе. Показать смену смысла: от благополучной записи к сообщению о смерти и уходе.,document text,map move,cut,Подходящий материал не найден. Создать через генерацию.
67,06:28.61,06:35.32,B03,missing,СОЗДАТЬ,,Две записи на одном листе. Показать смену смысла: от благополучной записи к сообщению о смерти и уходе.,map route,slow scan,cut,Подходящий материал не найден. Создать через генерацию.
68,06:35.32,06:42.04,B03,assigned,S01_SH01_Arctic_Aerial_Master.jpg,image,Две записи на одном листе. Показать смену смысла: от благополучной записи к сообщению о смерти и уходе.,ship trapped,date reveal,cut,"Выбран материал 'S01_SH01_Arctic_Aerial_Master.jpg' для потребности 'ship trapped'. Совпадение по тегам/эмоции, качество=0.87. Использований=17"
69,06:42.04,06:48.76,B03,missing,СОЗДАТЬ,,Две записи на одном листе. Показать смену смысла: от благополучной записи к сообщению о смерти и уходе.,document note map,map move,soft dissolve,Подходящий материал не найден. Создать через генерацию.
70,06:48.76,06:54.35,B03,missing,СОЗДАТЬ,,Сто пять человек уходят пешком. Показать организованный уход и начало молчания.,people snow trail,slow fade,dissolve,Подходящий материал не найден. Создать через генерацию.
71,06:54.35,06:59.95,B03,missing,СОЗДАТЬ,,Сто пять человек уходят пешком. Показать организованный уход и начало молчания.,footprints snow,long lens,cut,Подходящий материал не найден. Создать через генерацию.
72,06:59.95,07:05.55,B03,missing,СОЗДАТЬ,,Сто пять человек уходят пешком. Показать организованный уход и начало молчания.,white horizon,snow drift,cut,Подходящий материал не найден. Создать через генерацию.
73,07:05.55,07:11.14,B03,missing,СОЗДАТЬ,,Сто пять человек уходят пешком. Показать организованный уход и начало молчания.,sled silhouette,slow fade,cut,Подходящий материал не найден. Создать через генерацию.
74,07:11.14,07:16.74,B03,missing,СОЗДАТЬ,,Сто пять человек уходят пешком. Показать организованный уход и начало молчания.,people snow trail,long lens,cut,Подходящий материал не найден. Создать через генерацию.
75,07:16.74,07:22.34,B03,missing,СОЗДАТЬ,,Сто пять человек уходят пешком. Показать организованный уход и начало молчания.,footprints snow,snow drift,cut,Подходящий материал не найден. Создать через генерацию.
76,07:22.34,07:27.94,B03,missing,СОЗДАТЬ,,Сто пять человек уходят пешком. Показать организованный уход и начало молчания.,white horizon,slow fade,cut,Подходящий материал не найден. Создать через генерацию.
77,07:27.94,07:33.53,B03,missing,СОЗДАТЬ,,Сто пять человек уходят пешком. Показать организованный уход и начало молчания.,sled silhouette,long lens,cut,Подходящий материал не найден. Создать через генерацию.
78,07:33.53,07:39.13,B03,missing,СОЗДАТЬ,,Сто пять человек уходят пешком. Показать организованный уход и начало молчания.,people snow trail,snow drift,soft dissolve,Подходящий материал не найден. Создать через генерацию.
79,07:39.13,07:45.05,B04,assigned,S01_SH01_Arctic_Aerial_Master.jpg,image,"Шлюпка на санях. Начать блок материальными следами, которые не складываются в логику выживания.",boat sled ice,slow reveal,dissolve,"Выбран материал 'S01_SH01_Arctic_Aerial_Master.jpg' для потребности 'boat sled ice'. Совпадение по тегам/эмоции, качество=0.87. Использований=18"
80,07:45.05,07:50.96,B04,assigned,S01_SH01_Arctic_Aerial_Master.jpg,image,"Шлюпка на санях. Начать блок материальными следами, которые не складываются в логику выживания.",arctic coast,side track,cut,"Выбран материал 'S01_SH01_Arctic_Aerial_Master.jpg' для потребности 'arctic coast'. Совпадение по тегам/эмоции, качество=0.87. Использований=19"
81,07:50.96,07:56.88,B04,missing,СОЗДАТЬ,,"Шлюпка на санях. Начать блок материальными следами, которые не складываются в логику выживания.",wood runners,static hold,cut,Подходящий материал не найден. Создать через генерацию.
82,07:56.88,08:02.80,B04,missing,СОЗДАТЬ,,"Шлюпка на санях. Начать блок материальными следами, которые не складываются в логику выживания.",boat interior,slow reveal,cut,Подходящий материал не найден. Создать через генерацию.
83,08:02.80,08:08.72,B04,assigned,S01_SH01_Arctic_Aerial_Master.jpg,image,"Шлюпка на санях. Начать блок материальными следами, которые не складываются в логику выживания.",boat sled ice,side track,cut,"Выбран материал 'S01_SH01_Arctic_Aerial_Master.jpg' для потребности 'boat sled ice'. Совпадение по тегам/эмоции, качество=0.87. Использований=20"
84,08:08.72,08:14.63,B04,assigned,S01_SH01_Arctic_Aerial_Master.jpg,image,"Шлюпка на санях. Начать блок материальными следами, которые не складываются в логику выживания.",arctic coast,static hold,cut,"Выбран материал 'S01_SH01_Arctic_Aerial_Master.jpg' для потребности 'arctic coast'. Совпадение по тегам/эмоции, качество=0.87. Использований=21"
85,08:14.63,08:20.55,B04,missing,СОЗДАТЬ,,"Шлюпка на санях. Начать блок материальными следами, которые не складываются в логику выживания.",wood runners,slow reveal,cut,Подходящий материал не найден. Создать через генерацию.
86,08:20.55,08:26.47,B04,missing,СОЗДАТЬ,,"Шлюпка на санях. Начать блок материальными следами, которые не складываются в логику выживания.",boat interior,side track,cut,Подходящий материал не найден. Создать через генерацию.
87,08:26.47,08:32.38,B04,assigned,S01_SH01_Arctic_Aerial_Master.jpg,image,"Шлюпка на санях. Начать блок материальными следами, которые не складываются в логику выживания.",boat sled ice,static hold,soft dissolve,"Выбран материал 'S01_SH01_Arctic_Aerial_Master.jpg' для потребности 'boat sled ice'. Совпадение по тегам/эмоции, качество=0.87. Использований=22"
88,08:32.38,08:37.98,B04,missing,СОЗДАТЬ,,"Странный груз. Показать, что люди тащили вещи, не увеличивавшие шансы спасения.",silver spoon,macro slide,dissolve,Подходящий материал не найден. Создать через генерацию.
89,08:37.98,08:43.58,B04,missing,СОЗДАТЬ,,"Странный груз. Показать, что люди тащили вещи, не увеличивавшие шансы спасения.",object close,tabletop pan,cut,Подходящий материал не найден. Создать через генерацию.
90,08:43.58,08:49.18,B04,missing,СОЗДАТЬ,,"Странный груз. Показать, что люди тащили вещи, не увеличивавшие шансы спасения.",book archive,hard cut,cut,Подходящий материал не найден. Создать через генерацию.
91,08:49.18,08:54.77,B04,missing,СОЗДАТЬ,,"Странный груз. Показать, что люди тащили вещи, не увеличивавшие шансы спасения.",rifle detail,macro slide,cut,Подходящий материал не найден. Создать через генерацию.
92,08:54.77,09:00.37,B04,missing,СОЗДАТЬ,,"Странный груз. Показать, что люди тащили вещи, не увеличивавшие шансы спасения.",silver spoon,tabletop pan,cut,Подходящий материал не найден. Создать через генерацию.
93,09:00.37,09:05.97,B04,missing,СОЗДАТЬ,,"Странный груз. Показать, что люди тащили вещи, не увеличивавшие шансы спасения.",object close,hard cut,cut,Подходящий материал не найден. Создать через генерацию.
94,09:05.97,09:11.57,B04,missing,СОЗДАТЬ,,"Странный груз. Показать, что люди тащили вещи, не увеличивавшие шансы спасения.",book archive,macro slide,cut,Подходящий материал не найден. Создать через генерацию.
95,09:11.57,09:17.16,B04,missing,СОЗДАТЬ,,"Странный груз. Показать, что люди тащили вещи, не увеличивавшие шансы спасения.",rifle detail,tabletop pan,cut,Подходящий материал не найден. Создать через генерацию.
96,09:17.16,09:22.76,B04,missing,СОЗДАТЬ,,"Странный груз. Показать, что люди тащили вещи, не увеличивавшие шансы спасения.",silver spoon,hard cut,soft dissolve,Подходящий материал не найден. Создать через генерацию.
97,09:22.76,09:28.37,B04,assigned,S01_SH01_Arctic_Aerial_Master.jpg,image,"Кости и спорные улики. Ввести признаки обработки костей через факты, без сенсационности.",bones archive lab,static macro,dissolve,"Выбран материал 'S01_SH01_Arctic_Aerial_Master.jpg' для потребности 'bones archive lab'. Совпадение по тегам/эмоции, качество=0.87. Использований=23"
98,09:28.37,09:33.99,B04,missing,СОЗДАТЬ,,"Кости и спорные улики. Ввести признаки обработки костей через факты, без сенсационности.",bone close,slow tilt,cut,Подходящий материал не найден. Создать через генерацию.
99,09:33.99,09:39.60,B04,assigned,S01_SH01_Arctic_Aerial_Master.jpg,image,"Кости и спорные улики. Ввести признаки обработки костей через факты, без сенсационности.",lab table,folder close,cut,"Выбран материал 'S01_SH01_Arctic_Aerial_Master.jpg' для потребности 'lab table'. Совпадение по тегам/эмоции, качество=0.87. Использований=24"
100,09:39.60,09:45.21,B04,missing,СОЗДАТЬ,,"Кости и спорные улики. Ввести признаки обработки костей через факты, без сенсационности.",archive folder,static macro,cut,Подходящий материал не найден. Создать через генерацию.
101,09:45.21,09:50.83,B04,assigned,S01_SH01_Arctic_Aerial_Master.jpg,image,"Кости и спорные улики. Ввести признаки обработки костей через факты, без сенсационности.",bones archive lab,slow tilt,cut,"Выбран материал 'S01_SH01_Arctic_Aerial_Master.jpg' для потребности 'bones archive lab'. Совпадение по тегам/эмоции, качество=0.87. Использований=25"
102,09:50.83,09:56.44,B04,missing,СОЗДАТЬ,,"Кости и спорные улики. Ввести признаки обработки костей через факты, без сенсационности.",bone close,folder close,cut,Подходящий материал не найден. Создать через генерацию.
103,09:56.44,10:02.05,B04,assigned,S01_SH01_Arctic_Aerial_Master.jpg,image,"Кости и спорные улики. Ввести признаки обработки костей через факты, без сенсационности.",lab table,static macro,cut,"Выбран материал 'S01_SH01_Arctic_Aerial_Master.jpg' для потребности 'lab table'. Совпадение по тегам/эмоции, качество=0.87. Использований=26"
104,10:02.05,10:07.66,B04,missing,СОЗДАТЬ,,"Кости и спорные улики. Ввести признаки обработки костей через факты, без сенсационности.",archive folder,slow tilt,cut,Подходящий материал не найден. Создать через генерацию.
105,10:07.66,10:13.28,B04,assigned,S01_SH01_Arctic_Aerial_Master.jpg,image,"Кости и спорные улики. Ввести признаки обработки костей через факты, без сенсационности.",bones archive lab,folder close,cut,"Выбран материал 'S01_SH01_Arctic_Aerial_Master.jpg' для потребности 'bones archive lab'. Совпадение по тегам/эмоции, качество=0.87. Использований=27"
106,10:13.28,10:18.89,B04,missing,СОЗДАТЬ,,"Кости и спорные улики. Ввести признаки обработки костей через факты, без сенсационности.",bone close,static macro,soft dissolve,Подходящий материал не найден. Создать через генерацию.
107,10:18.89,10:24.79,B05,assigned,S01_SH01_Arctic_Aerial_Master.jpg,image,Наука возвращается на Бичи. Показать переход расследования из Арктики в лабораторию.,lab archive,documentary handheld,dissolve,"Выбран материал 'S01_SH01_Arctic_Aerial_Master.jpg' для потребности 'lab archive'. Совпадение по тегам/эмоции, качество=0.87. Использований=28"
108,10:24.79,10:30.69,B05,missing,СОЗДАТЬ,,Наука возвращается на Бичи. Показать переход расследования из Арктики в лабораторию.,beechy camp,slow reveal,cut,Подходящий материал не найден. Создать через генерацию.
109,10:30.69,10:36.59,B05,missing,СОЗДАТЬ,,Наука возвращается на Бичи. Показать переход расследования из Арктики в лабораторию.,forensic dig,cutaway,cut,Подходящий материал не найден. Создать через генерацию.
110,10:36.59,10:42.50,B05,missing,СОЗДАТЬ,,Наука возвращается на Бичи. Показать переход расследования из Арктики в лабораторию.,wood coffin,documentary handheld,cut,Подходящий материал не найден. Создать через генерацию.
111,10:42.50,10:48.40,B05,assigned,S01_SH01_Arctic_Aerial_Master.jpg,image,Наука возвращается на Бичи. Показать переход расследования из Арктики в лабораторию.,lab archive,slow reveal,cut,"Выбран материал 'S01_SH01_Arctic_Aerial_Master.jpg' для потребности 'lab archive'. Совпадение по тегам/эмоции, качество=0.87. Использований=29"
112,10:48.40,10:54.30,B05,missing,СОЗДАТЬ,,Наука возвращается на Бичи. Показать переход расследования из Арктики в лабораторию.,beechy camp,cutaway,cut,Подходящий материал не найден. Создать через генерацию.
113,10:54.30,11:00.20,B05,missing,СОЗДАТЬ,,Наука возвращается на Бичи. Показать переход расследования из Арктики в лабораторию.,forensic dig,documentary handheld,cut,Подходящий материал не найден. Создать через генерацию.
114,11:00.20,11:06.10,B05,missing,СОЗДАТЬ,,Наука возвращается на Бичи. Показать переход расследования из Арктики в лабораторию.,wood coffin,slow reveal,cut,Подходящий материал не найден. Создать через генерацию.
115,11:06.10,11:12.00,B05,assigned,S01_SH01_Arctic_Aerial_Master.jpg,image,Наука возвращается на Бичи. Показать переход расследования из Арктики в лабораторию.,lab archive,cutaway,cut,"Выбран материал 'S01_SH01_Arctic_Aerial_Master.jpg' для потребности 'lab archive'. Совпадение по тегам/эмоции, качество=0.87. Использований=30"
116,11:12.00,11:17.90,B05,missing,СОЗДАТЬ,,Наука возвращается на Бичи. Показать переход расследования из Арктики в лабораторию.,beechy camp,documentary handheld,soft dissolve,Подходящий материал не найден. Создать через генерацию.
117,11:17.90,11:23.50,B05,missing,СОЗДАТЬ,,Торрингтон и масштаб исследования. Показать уникальную сохранность тел этично и без натурализма.,archive portrait,slow push,dissolve,Подходящий материал не найден. Создать через генерацию.
118,11:23.50,11:29.10,B05,missing,СОЗДАТЬ,,Торрингтон и масштаб исследования. Показать уникальную сохранность тел этично и без натурализма.,medical notes,macro detail,cut,Подходящий материал не найден. Создать через генерацию.
119,11:29.10,11:34.69,B05,missing,СОЗДАТЬ,,Торрингтон и масштаб исследования. Показать уникальную сохранность тел этично и без натурализма.,clothing detail,dissolve,cut,Подходящий материал не найден. Создать через генерацию.
120,11:34.69,11:40.29,B05,assigned,S01_SH01_Arctic_Aerial_Master.jpg,image,Торрингтон и масштаб исследования. Показать уникальную сохранность тел этично и без натурализма.,lab hands,slow push,cut,"Выбран материал 'S01_SH01_Arctic_Aerial_Master.jpg' для потребности 'lab hands'. Совпадение по тегам/эмоции, качество=0.87. Использований=31"
121,11:40.29,11:45.89,B05,missing,СОЗДАТЬ,,Торрингтон и масштаб исследования. Показать уникальную сохранность тел этично и без натурализма.,archive portrait,macro detail,cut,Подходящий материал не найден. Создать через генерацию.
122,11:45.89,11:51.48,B05,missing,СОЗДАТЬ,,Торрингтон и масштаб исследования. Показать уникальную сохранность тел этично и без натурализма.,medical notes,dissolve,cut,Подходящий материал не найден. Создать через генерацию.
123,11:51.48,11:57.08,B05,missing,СОЗДАТЬ,,Торрингтон и масштаб исследования. Показать уникальную сохранность тел этично и без натурализма.,clothing detail,slow push,cut,Подходящий материал не найден. Создать через генерацию.
124,11:57.08,12:02.68,B05,assigned,S01_SH01_Arctic_Aerial_Master.jpg,image,Торрингтон и масштаб исследования. Показать уникальную сохранность тел этично и без натурализма.,lab hands,macro detail,cut,"Выбран материал 'S01_SH01_Arctic_Aerial_Master.jpg' для потребности 'lab hands'. Совпадение по тегам/эмоции, качество=0.87. Использований=32"
125,12:02.68,12:08.28,B05,missing,СОЗДАТЬ,,Торрингтон и масштаб исследования. Показать уникальную сохранность тел этично и без натурализма.,archive portrait,dissolve,soft dissolve,Подходящий материал не найден. Создать через генерацию.
126,12:08.28,12:13.89,B05,missing,СОЗДАТЬ,,"Свинец и новая картина. Показать, как гипотеза стала популярной и как последующие данные усложнили ответ.",lead can archive,macro metal,dissolve,Подходящий материал не найден. Создать через генерацию.
127,12:13.89,12:19.50,B05,assigned,S01_SH01_Arctic_Aerial_Master.jpg,image,"Свинец и новая картина. Показать, как гипотеза стала популярной и как последующие данные усложнили ответ.",lab analysis,paper montage,cut,"Выбран материал 'S01_SH01_Arctic_Aerial_Master.jpg' для потребности 'lab analysis'. Совпадение по тегам/эмоции, качество=0.87. Использований=33"
128,12:19.50,12:25.12,B05,missing,СОЗДАТЬ,,"Свинец и новая картина. Показать, как гипотеза стала популярной и как последующие данные усложнили ответ.",newspaper archive,lab pan,cut,Подходящий материал не найден. Создать через генерацию.
129,12:25.12,12:30.73,B05,missing,СОЗДАТЬ,,"Свинец и новая картина. Показать, как гипотеза стала популярной и как последующие данные усложнили ответ.",medical record,macro metal,cut,Подходящий материал не найден. Создать через генерацию.
130,12:30.73,12:36.34,B05,missing,СОЗДАТЬ,,"Свинец и новая картина. Показать, как гипотеза стала популярной и как последующие данные усложнили ответ.",lead can archive,paper montage,cut,Подходящий материал не найден. Создать через генерацию.
131,12:36.34,12:41.96,B05,assigned,S01_SH01_Arctic_Aerial_Master.jpg,image,"Свинец и новая картина. Показать, как гипотеза стала популярной и как последующие данные усложнили ответ.",lab analysis,lab pan,cut,"Выбран материал 'S01_SH01_Arctic_Aerial_Master.jpg' для потребности 'lab analysis'. Совпадение по тегам/эмоции, качество=0.87. Использований=34"
132,12:41.96,12:47.57,B05,missing,СОЗДАТЬ,,"Свинец и новая картина. Показать, как гипотеза стала популярной и как последующие данные усложнили ответ.",newspaper archive,macro metal,cut,Подходящий материал не найден. Создать через генерацию.
133,12:47.57,12:53.18,B05,missing,СОЗДАТЬ,,"Свинец и новая картина. Показать, как гипотеза стала популярной и как последующие данные усложнили ответ.",medical record,paper montage,cut,Подходящий материал не найден. Создать через генерацию.
134,12:53.18,12:58.79,B05,missing,СОЗДАТЬ,,"Свинец и новая картина. Показать, как гипотеза стала популярной и как последующие данные усложнили ответ.",lead can archive,lab pan,cut,Подходящий материал не найден. Создать через генерацию.
135,12:58.79,13:04.41,B05,assigned,S01_SH01_Arctic_Aerial_Master.jpg,image,"Свинец и новая картина. Показать, как гипотеза стала популярной и как последующие данные усложнили ответ.",lab analysis,macro metal,soft dissolve,"Выбран материал 'S01_SH01_Arctic_Aerial_Master.jpg' для потребности 'lab analysis'. Совпадение по тегам/эмоции, качество=0.87. Использований=35"
136,13:04.41,13:10.02,B06,missing,СОЗДАТЬ,,Современные поиски. Показать возвращение поисков с технологиями и ролью свидетельств инуитов.,sonar screen,screen scan,dissolve,Подходящий материал не найден. Создать через генерацию.
137,13:10.02,13:15.63,B06,missing,СОЗДАТЬ,,Современные поиски. Показать возвращение поисков с технологиями и ролью свидетельств инуитов.,research vessel,drone coast,cut,Подходящий материал не найден. Создать через генерацию.
138,13:15.63,13:21.25,B06,missing,СОЗДАТЬ,,Современные поиски. Показать возвращение поисков с технологиями и ролью свидетельств инуитов.,satellite map,map overlay,cut,Подходящий материал не найден. Создать через генерацию.
139,13:21.25,13:26.86,B06,missing,СОЗДАТЬ,,Современные поиски. Показать возвращение поисков с технологиями и ролью свидетельств инуитов.,underwater robot,screen scan,cut,Подходящий материал не найден. Создать через генерацию.
140,13:26.86,13:32.47,B06,missing,СОЗДАТЬ,,Современные поиски. Показать возвращение поисков с технологиями и ролью свидетельств инуитов.,sonar screen,drone coast,cut,Подходящий материал не найден. Создать через генерацию.
141,13:32.47,13:38.09,B06,missing,СОЗДАТЬ,,Современные поиски. Показать возвращение поисков с технологиями и ролью свидетельств инуитов.,research vessel,map overlay,cut,Подходящий материал не найден. Создать через генерацию.
142,13:38.09,13:43.70,B06,missing,СОЗДАТЬ,,Современные поиски. Показать возвращение поисков с технологиями и ролью свидетельств инуитов.,satellite map,screen scan,cut,Подходящий материал не найден. Создать через генерацию.
143,13:43.70,13:49.31,B06,missing,СОЗДАТЬ,,Современные поиски. Показать возвращение поисков с технологиями и ролью свидетельств инуитов.,underwater robot,drone coast,cut,Подходящий материал не найден. Создать через генерацию.
144,13:49.31,13:54.93,B06,missing,СОЗДАТЬ,,Современные поиски. Показать возвращение поисков с технологиями и ролью свидетельств инуитов.,sonar screen,map overlay,cut,Подходящий материал не найден. Создать через генерацию.
145,13:54.93,14:00.54,B06,missing,СОЗДАТЬ,,Современные поиски. Показать возвращение поисков с технологиями и ролью свидетельств инуитов.,research vessel,screen scan,soft dissolve,Подходящий материал не найден. Создать через генерацию.
146,14:00.54,14:06.73,B06,assigned,S01_SH01_Arctic_Aerial_Master.jpg,image,"Erebus и Terror найдены. Показать находку кораблей как начало нового этапа, а не конец расследования.",underwater ship,rov glide,dissolve,"Выбран материал 'S01_SH01_Arctic_Aerial_Master.jpg' для потребности 'underwater ship'. Совпадение по тегам/эмоции, качество=0.87. Использований=36"
147,14:06.73,14:12.92,B06,missing,СОЗДАТЬ,,"Erebus и Terror найдены. Показать находку кораблей как начало нового этапа, а не конец расследования.",shipwreck hull,slow track,cut,Подходящий материал не найден. Создать через генерацию.
148,14:12.92,14:19.11,B06,missing,СОЗДАТЬ,,"Erebus и Terror найдены. Показать находку кораблей как начало нового этапа, а не конец расследования.",closed hatch,dark dissolve,cut,Подходящий материал не найден. Создать через генерацию.
149,14:19.11,14:25.30,B06,missing,СОЗДАТЬ,,"Erebus и Terror найдены. Показать находку кораблей как начало нового этапа, а не конец расследования.",interior cabin,rov glide,cut,Подходящий материал не найден. Создать через генерацию.
150,14:25.30,14:31.48,B06,assigned,S01_SH01_Arctic_Aerial_Master.jpg,image,"Erebus и Terror найдены. Показать находку кораблей как начало нового этапа, а не конец расследования.",underwater ship,slow track,cut,"Выбран материал 'S01_SH01_Arctic_Aerial_Master.jpg' для потребности 'underwater ship'. Совпадение по тегам/эмоции, качество=0.87. Использований=37"
151,14:31.48,14:37.67,B06,missing,СОЗДАТЬ,,"Erebus и Terror найдены. Показать находку кораблей как начало нового этапа, а не конец расследования.",shipwreck hull,dark dissolve,cut,Подходящий материал не найден. Создать через генерацию.
152,14:37.67,14:43.86,B06,missing,СОЗДАТЬ,,"Erebus и Terror найдены. Показать находку кораблей как начало нового этапа, а не конец расследования.",closed hatch,rov glide,cut,Подходящий материал не найден. Создать через генерацию.
153,14:43.86,14:50.05,B06,missing,СОЗДАТЬ,,"Erebus и Terror найдены. Показать находку кораблей как начало нового этапа, а не конец расследования.",interior cabin,slow track,cut,Подходящий материал не найден. Создать через генерацию.
154,14:50.05,14:56.24,B06,assigned,S01_SH01_Arctic_Aerial_Master.jpg,image,"Erebus и Terror найдены. Показать находку кораблей как начало нового этапа, а не конец расследования.",underwater ship,dark dissolve,cut,"Выбран материал 'S01_SH01_Arctic_Aerial_Master.jpg' для потребности 'underwater ship'. Совпадение по тегам/эмоции, качество=0.87. Использований=38"
155,14:56.24,15:02.43,B06,missing,СОЗДАТЬ,,"Erebus и Terror найдены. Показать находку кораблей как начало нового этапа, а не конец расследования.",shipwreck hull,rov glide,soft dissolve,Подходящий материал не найден. Создать через генерацию.
156,15:02.43,15:08.19,B06,assigned,S01_SH01_Arctic_Aerial_Master.jpg,image,"Финал: история сохраняет следы. Спокойно завершить фильм: ответы есть, но последнее молчание остаётся.",ice wide finale,slow pullback,dissolve,"Выбран материал 'S01_SH01_Arctic_Aerial_Master.jpg' для потребности 'ice wide finale'. Совпадение по тегам/эмоции, качество=0.87. Использований=39"
157,15:08.19,15:13.94,B06,missing,СОЗДАТЬ,,"Финал: история сохраняет следы. Спокойно завершить фильм: ответы есть, но последнее молчание остаётся.",empty horizon,fade out,cut,Подходящий материал не найден. Создать через генерацию.
158,15:13.94,15:19.70,B06,assigned,S01_SH01_Arctic_Aerial_Master.jpg,image,"Финал: история сохраняет следы. Спокойно завершить фильм: ответы есть, но последнее молчание остаётся.",ship memory,snow increase,cut,"Выбран материал 'S01_SH01_Arctic_Aerial_Master.jpg' для потребности 'ship memory'. Совпадение по тегам/эмоции, качество=0.87. Использований=40"
159,15:19.70,15:25.46,B06,missing,СОЗДАТЬ,,"Финал: история сохраняет следы. Спокойно завершить фильм: ответы есть, но последнее молчание остаётся.",atlas logo,slow pullback,cut,Подходящий материал не найден. Создать через генерацию.
160,15:25.46,15:31.21,B06,assigned,S01_SH01_Arctic_Aerial_Master.jpg,image,"Финал: история сохраняет следы. Спокойно завершить фильм: ответы есть, но последнее молчание остаётся.",ice wide finale,fade out,cut,"Выбран материал 'S01_SH01_Arctic_Aerial_Master.jpg' для потребности 'ice wide finale'. Совпадение по тегам/эмоции, качество=0.87. Использований=41"
161,15:31.21,15:36.97,B06,missing,СОЗДАТЬ,,"Финал: история сохраняет следы. Спокойно завершить фильм: ответы есть, но последнее молчание остаётся.",empty horizon,snow increase,cut,Подходящий материал не найден. Создать через генерацию.
162,15:36.97,15:42.73,B06,assigned,S01_SH01_Arctic_Aerial_Master.jpg,image,"Финал: история сохраняет следы. Спокойно завершить фильм: ответы есть, но последнее молчание остаётся.",ship memory,slow pullback,cut,"Выбран материал 'S01_SH01_Arctic_Aerial_Master.jpg' для потребности 'ship memory'. Совпадение по тегам/эмоции, качество=0.87. Использований=42"
163,15:42.73,15:48.49,B06,missing,СОЗДАТЬ,,"Финал: история сохраняет следы. Спокойно завершить фильм: ответы есть, но последнее молчание остаётся.",atlas logo,fade out,cut,Подходящий материал не найден. Создать через генерацию.
164,15:48.49,15:54.24,B06,assigned,S01_SH01_Arctic_Aerial_Master.jpg,image,"Финал: история сохраняет следы. Спокойно завершить фильм: ответы есть, но последнее молчание остаётся.",ice wide finale,snow increase,cut,"Выбран материал 'S01_SH01_Arctic_Aerial_Master.jpg' для потребности 'ice wide finale'. Совпадение по тегам/эмоции, качество=0.87. Использований=43"
165,15:54.24,16:00.00,B06,missing,СОЗДАТЬ,,"Финал: история сохраняет следы. Спокойно завершить фильм: ответы есть, но последнее молчание остаётся.",empty horizon,slow pullback,soft dissolve,Подходящий материал не найден. Создать через генерацию.
